featureID,bedrooms,bathrooms,squareFootage,lotSize,features
0,2.0,2.0,900.0,436.0,"{'architectureType': 'Townhouse', 'cooling': True, 'coolingType': 'Package', 'fireplace': True, 'floorCount': 2, 'garage': True, 'garageType': 'Garage', 'heating': True, 'heatingType': 'Forced Air', 'unitCount': 1}"
1,0.0,0.0,0.0,0.0,nan
2,6.0,6.0,6724.0,43560.0,"{'architectureType': 'Conventional', 'cooling': True, 'coolingType': 'Central', 'exteriorType': 'Combination', 'fireplace': True, 'floorCount': 2, 'garage': True, 'garageType': 'Garage', 'heating': True, 'heatingType': 'Baseboard', 'roomCount': 11, 'unitCount': 1}"
3,3.0,2.0,1223.0,6499.0,"{'cooling': True, 'coolingType': 'Central', 'floorCount': 1, 'garage': True, 'garageSpaces': 2, 'garageType': 'Garage', 'heating': True, 'heatingType': 'Central', 'unitCount': 1}"
4,0.0,0.0,0.0,139392.0,nan
5,3.0,2.0,1242.0,7184.0,"{'architectureType': 'Conventional', 'floorCount': 1, 'garage': True, 'garageSpaces': 1, 'garageType': 'Garage', 'heating': True, 'heatingType': 'Central', 'roomCount': 7, 'unitCount': 1}"
6,2.0,1.0,1004.0,5227.0,"{'exteriorType': 'Metal', 'floorCount': 1, 'garage': True, 'garageType': 'Detached', 'heating': True, 'heatingType': 'Forced Air', 'roofType': 'Asphalt', 'roomCount': 6, 'unitCount': 1, 'garageSpaces': 2}"
7,6.0,4.0,2130.0,0.0,nan
8,3.0,1.0,1983.0,7148.0,"{'cooling': True, 'coolingType': 'Central', 'exteriorType': 'Brick Veneer', 'floorCount': 1, 'foundationType': 'Slab / Mat / Raft', 'garage': True, 'garageType': 'Attached', 'heating': True, 'heatingType': 'Central', 'roofType': 'Composition Shingle', 'unitCount': 1}"
9,0.0,1.5,1275.0,43560.0,"{'cooling': True, 'coolingType': 'Commercial', 'exteriorType': 'Brick Veneer', 'foundationType': 'Slab / Mat / Raft', 'heating': True, 'roofType': 'Asphalt', 'roomCount': 6, 'garage': True, 'garageType': 'Carport'}"
10,3.0,4.0,778.0,0.0,"{'cooling': True, 'coolingType': 'Central', 'exteriorType': 'Combination', 'fireplace': True, 'floorCount': 2, 'garage': True, 'garageType': 'Garage'}"
11,1.0,1.0,829.0,0.0,nan
12,4.0,2.5,2148.0,16553.0,nan
13,4.0,2.5,2576.0,7603.0,"{'architectureType': 'Contemporary', 'cooling': True, 'coolingType': 'Central', 'exteriorType': 'Other', 'floorCount': 2, 'foundationType': 'Slab / Mat / Raft', 'garage': True, 'garageSpaces': 1, 'garageType': 'Attached', 'heating': True, 'heatingType': 'Forced Air', 'roofType': 'Asphalt', 'roomCount': 7}"
14,0.0,0.0,0.0,22009.0,nan
15,0.0,2.0,1992.0,3049.0,"{'architectureType': 'Townhouse', 'cooling': True, 'coolingType': 'Central', 'exteriorType': 'Aluminum / Vinyl Siding', 'fireplace': True, 'floorCount': 2, 'foundationType': 'Raised', 'garage': True, 'garageType': 'Garage', 'heating': True, 'heatingType': 'Central', 'unitCount': 1}"
16,5.0,4.5,3809.0,20473.0,"{'cooling': True, 'coolingType': 'Central', 'exteriorType': 'Brick', 'fireplace': True, 'fireplaceType': 'Masonry', 'floorCount': 2, 'garage': True, 'garageType': 'Garage', 'heating': True, 'heatingType': 'Central', 'roofType': 'Asphalt', 'unitCount': 1}"
17,2.0,1.0,0.0,0.0,nan
18,0.0,0.0,1620.0,128938.0,"{'exteriorType': 'Aluminum / Vinyl Siding', 'heating': True, 'heatingType': 'Forced Air', 'roofType': 'Asphalt'}"
19,3.0,2.0,1251.0,6720.0,"{'cooling': True, 'coolingType': 'Central', 'exteriorType': 'Stucco', 'floorCount': 1, 'heating': True, 'heatingType': 'Central', 'roofType': 'Composition Shingle', 'unitCount': 1}"
20,0.0,0.0,0.0,31363.0,{'unitCount': 1}
21,3.0,2.0,1225.0,12327.0,"{'architectureType': 'Ranch / Rambler', 'cooling': True, 'coolingType': 'Central', 'exteriorType': 'Masonry', 'floorCount': 1, 'foundationType': 'Footing', 'garage': True, 'garageSpaces': 3, 'garageType': 'Carport', 'heating': True, 'heatingType': 'Central', 'roofType': 'Composition Shingle', 'roomCount': 4, 'unitCount': 1}"
22,4.0,2.0,1976.0,94960.0,"{'architectureType': 'Mobile Home', 'cooling': True, 'coolingType': 'Central', 'exteriorType': 'Aluminum / Vinyl Siding', 'fireplace': True, 'floorCount': 1, 'heating': True, 'heatingType': 'Forced Air', 'roofType': 'Composition Shingle', 'unitCount': 1}"
23,3.0,2.5,1795.0,7789.0,"{'architectureType': 'Conventional', 'cooling': True, 'coolingType': 'Central', 'exteriorType': 'Brick Veneer', 'fireplace': True, 'floorCount': 2, 'foundationType': 'Slab / Mat / Raft', 'garage': True, 'garageType': 'Garage', 'heating': True, 'heatingType': 'Central', 'roofType': 'Composition Shingle', 'unitCount': 1}"
24,3.0,1.5,1332.0,8320.0,"{'architectureType': 'Ranch', 'cooling': True, 'coolingType': 'Central', 'exteriorType': 'Brick Veneer', 'floorCount': 1, 'foundationType': 'Slab / Mat / Raft', 'garage': True, 'garageType': 'Carport', 'heating': True, 'heatingType': 'Central', 'roofType': 'Composition Shingle', 'roomCount': 6, 'unitCount': 1}"
25,0.0,0.0,0.0,0.0,{'unitCount': 1}
26,3.0,2.0,1654.0,49959.0,"{'cooling': True, 'coolingType': 'Commercial', 'exteriorType': 'Stucco', 'floorCount': 1, 'garage': True, 'garageType': 'Garage', 'heating': True, 'heatingType': 'Forced Air', 'roofType': 'Composition Shingle', 'unitCount': 1}"
27,5.0,4.0,3868.0,8237.0,"{'cooling': True, 'coolingType': 'Commercial', 'exteriorType': 'Stucco', 'floorCount': 2, 'garage': True, 'garageType': 'Garage', 'heating': True, 'heatingType': 'Forced Air', 'pool': True, 'roofType': 'Tile', 'unitCount': 1}"
28,2.0,1.0,1085.0,5662.0,"{'architectureType': 'Condo / Apartment', 'cooling': True, 'coolingType': 'Central', 'fireplace': True, 'floorCount': 1, 'garage': True, 'garageSpaces': 2, 'garageType': 'Attached', 'heating': True, 'heatingType': 'Central', 'roofType': 'Wood Shingle', 'unitCount': 1}"
29,3.0,2.0,1620.0,12197.0,"{'cooling': True, 'coolingType': 'Central', 'exteriorType': 'Brick Veneer', 'fireplace': True, 'fireplaceType': 'Single', 'floorCount': 1, 'foundationType': 'Other', 'garage': True, 'garageType': 'Garage', 'heating': True, 'heatingType': 'Forced Air', 'roofType': 'Shingle', 'unitCount': 1}"
30,2.0,2.0,1060.0,2178.0,"{'architectureType': 'Spanish', 'cooling': True, 'coolingType': 'Commercial', 'exteriorType': 'Stone', 'fireplace': True, 'fireplaceType': 'Single', 'floorCount': 1, 'garage': True, 'garageSpaces': 2, 'garageType': 'Attached', 'heating': True, 'heatingType': 'Forced Air', 'roomCount': 4, 'unitCount': 1}"
31,2.0,2.0,1075.0,0.0,"{'unitCount': 1, 'architectureType': 'Condo / Apartment'}"
32,4.0,2.0,2554.0,31799.0,"{'architectureType': 'Conventional', 'cooling': True, 'coolingType': 'Central', 'exteriorType': 'Wood', 'fireplace': True, 'floorCount': 2, 'foundationType': 'Raised', 'garage': True, 'garageType': 'Garage', 'heating': True, 'heatingType': 'Central', 'roomCount': 6, 'unitCount': 1}"
33,3.0,3.0,1895.0,14100.0,"{'garage': True, 'garageSpaces': 2, 'garageType': 'Garage', 'unitCount': 1}"
34,4.0,2.0,1950.0,39204.0,"{'architectureType': 'Traditional', 'exteriorType': 'Aluminum / Vinyl Siding', 'floorCount': 1, 'garage': True, 'garageSpaces': 2, 'garageType': 'Detached Garage', 'heating': True, 'heatingType': 'Hot Water'}"
35,3.0,2.0,1797.0,12273.0,"{'cooling': True, 'coolingType': 'Central', 'exteriorType': 'Stucco', 'floorCount': 1, 'garage': True, 'garageType': 'Garage', 'heating': True, 'heatingType': 'Forced Air', 'roofType': 'Composition Shingle', 'unitCount': 1}"
36,3.0,2.0,2532.0,7841.0,"{'cooling': True, 'coolingType': 'Central', 'exteriorType': 'Aluminum / Vinyl Siding', 'fireplace': True, 'floorCount': 1, 'foundationType': 'Concrete Block', 'garage': True, 'garageSpaces': 2, 'garageType': 'Attached Garage', 'heating': True, 'heatingType': 'Heat Pump', 'roofType': 'Composition Shingle'}"
37,0.0,0.0,0.0,6710.0,nan
38,3.0,1.5,1755.0,18121.0,"{'architectureType': 'Colonial', 'cooling': True, 'coolingType': 'Commercial', 'exteriorType': 'Aluminum / Vinyl Siding', 'fireplace': True, 'floorCount': 2, 'garage': True, 'garageType': 'Attached', 'heating': True, 'heatingType': 'Forced Air', 'roofType': 'Asphalt', 'unitCount': 1}"
39,2.0,2.0,1431.0,0.0,"{'architectureType': 'Condo / Apartment', 'cooling': True, 'coolingType': 'Commercial', 'exteriorType': 'Brick', 'floorCount': 1, 'heating': True, 'heatingType': 'Heat Pump', 'roofType': 'Composition Shingle', 'roomCount': 6, 'unitCount': 1}"
40,3.0,1.5,2841.0,6534.0,"{'architectureType': 'Conventional', 'cooling': True, 'coolingType': 'Commercial', 'exteriorType': 'Brick', 'fireplace': True, 'floorCount': 2, 'garage': True, 'garageType': 'Attached', 'heating': True, 'heatingType': 'Forced Air', 'roofType': 'Composition Shingle', 'roomCount': 5, 'unitCount': 1}"
41,3.0,3.0,2298.0,21800.0,"{'cooling': True, 'coolingType': 'Commercial', 'exteriorType': 'Stucco', 'fireplace': True, 'floorCount': 1, 'foundationType': 'Slab / Mat / Raft', 'garage': True, 'garageType': 'Attached', 'heating': True, 'heatingType': 'Forced Air', 'pool': True, 'roofType': 'Composition Shingle', 'unitCount': 1}"
42,3.0,2.0,1090.0,7841.0,"{'cooling': True, 'coolingType': 'Central', 'exteriorType': 'Wood', 'floorCount': 1, 'foundationType': 'Slab / Mat / Raft', 'heating': True, 'heatingType': 'Central', 'roofType': 'Asphalt', 'roomCount': 5, 'unitCount': 1}"
43,4.0,3.0,1138.0,9540.0,"{'architectureType': 'Bi-Level', 'cooling': True, 'coolingType': 'Central', 'exteriorType': 'Other', 'fireplace': True, 'floorCount': 1, 'foundationType': 'Other', 'garage': True, 'garageSpaces': 2, 'garageType': 'Garage', 'heating': True, 'heatingType': 'Forced Air', 'roofType': 'Asphalt', 'roomCount': 7, 'unitCount': 1}"
44,3.0,2.0,1248.0,65.0,"{'cooling': True, 'coolingType': 'Central', 'exteriorType': 'Siding', 'foundationType': 'Pier / Post & Beam', 'garage': True, 'garageType': 'Detached', 'heating': True, 'heatingType': 'Central', 'roofType': 'Composition Shingle'}"
45,2.0,2.5,1428.0,871.0,nan
46,4.0,2.5,3516.0,4500.0,"{'architectureType': 'Conventional', 'cooling': True, 'coolingType': 'Commercial', 'exteriorType': 'Aluminum / Vinyl Siding', 'floorCount': 3, 'heating': True, 'heatingType': 'Forced Air', 'roofType': 'Asphalt', 'roomCount': 13, 'unitCount': 2}"
47,3.0,2.0,1856.0,11761.0,"{'architectureType': 'Ranch', 'cooling': True, 'coolingType': 'Central', 'exteriorType': 'Aluminum / Vinyl Siding', 'floorCount': 1, 'garage': True, 'garageType': 'Attached', 'heating': True, 'heatingType': 'Forced Air', 'roofType': 'Composition Shingle', 'roomCount': 8}"
48,3.0,1.0,1550.0,4792.0,"{'architectureType': 'Custom', 'exteriorType': 'Aluminum / Vinyl Siding', 'floorCount': 2, 'heating': True, 'heatingType': 'Forced Air', 'roomCount': 6, 'unitCount': 1}"
49,3.0,2.0,1663.0,15260.0,"{'cooling': True, 'coolingType': 'Central', 'exteriorType': 'Stucco', 'floorCount': 1, 'foundationType': 'Footing', 'garage': True, 'garageType': 'Garage', 'heating': True, 'heatingType': 'Central', 'roofType': 'Composition Shingle', 'unitCount': 1}"
50,3.0,2.5,1904.0,20909.0,"{'architectureType': 'Colonial', 'cooling': True, 'coolingType': 'Central', 'exteriorType': 'Brick / Stone', 'floorCount': 2, 'heating': True, 'heatingType': 'Forced Air', 'roomCount': 6}"
51,2.0,2.0,1448.0,3825.0,"{'architectureType': 'Ranch', 'exteriorType': 'Stucco', 'floorCount': 1, 'garage': True, 'garageType': 'Attached', 'heating': True, 'heatingType': 'Forced Air', 'roofType': 'Composition Shingle', 'roomCount': 6}"
52,0.0,1.0,992.0,24394.0,"{'exteriorType': 'Siding', 'floorCount': 1, 'foundationType': 'Footing', 'heating': True, 'roofType': 'Composition Shingle', 'unitCount': 1}"
53,3.0,1.0,1415.0,5881.0,"{'architectureType': 'Cape Cod', 'cooling': True, 'coolingType': 'Central', 'exteriorType': 'Brick', 'floorCount': 1, 'garage': True, 'garageType': 'Detached', 'heating': True, 'heatingType': 'Central', 'roomCount': 5, 'unitCount': 1}"
54,2.0,2.0,1282.0,1542.0,"{'exteriorType': 'Other', 'floorCount': 2, 'garage': True, 'garageType': 'Garage', 'heating': True, 'heatingType': 'Forced Air', 'roofType': 'Composition Shingle', 'cooling': True, 'coolingType': 'Central'}"
55,2.0,2.0,1376.0,436.0,"{'architectureType': 'Condo / Apartment', 'cooling': True, 'coolingType': 'Central', 'exteriorType': 'Brick', 'fireplace': True, 'floorCount': 2, 'foundationType': 'Raised', 'heating': True, 'heatingType': 'Central', 'unitCount': 1}"
56,3.0,1.5,1519.0,10160.0,"{'cooling': True, 'coolingType': 'Central', 'exteriorType': 'Brick / Stone', 'fireplace': True, 'fireplaceType': 'Masonry', 'floorCount': 1, 'garage': True, 'garageSpaces': 2, 'garageType': 'Attached', 'heating': True, 'heatingType': 'Hot Water', 'roofType': 'Asphalt', 'roomCount': 6}"
57,2.0,1.5,1150.0,1000.0,nan
58,1.0,0.0,615.0,0.0,nan
59,3.0,2.0,1262.0,8241.0,"{'garage': True, 'garageType': 'Attached', 'unitCount': 1}"
60,6.0,2.0,1160.0,11761.0,"{'architectureType': 'A-Frame', 'cooling': True, 'coolingType': 'Commercial', 'exteriorType': 'Aluminum / Vinyl Siding', 'floorCount': 1, 'foundationType': 'Other', 'garage': True, 'garageType': 'Carport', 'heating': True, 'heatingType': 'Forced Air', 'roofType': 'Shingle', 'roomCount': 14, 'unitCount': 2}"
61,2.0,2.0,980.0,0.0,"{'architectureType': 'Conventional', 'cooling': True, 'coolingType': 'Central', 'exteriorType': 'Wood', 'floorCount': 1, 'heating': True, 'heatingType': 'Hot Water', 'roomCount': 4, 'unitCount': 1}"
62,4.0,2.0,2128.0,5758.0,"{'architectureType': 'Conventional', 'cooling': True, 'coolingType': 'Central', 'exteriorType': 'Brick Veneer', 'fireplace': True, 'fireplaceType': 'Single', 'floorCount': 1, 'foundationType': 'Slab / Mat / Raft', 'garage': True, 'garageType': 'Attached', 'heating': True, 'heatingType': 'Central', 'roofType': 'Composition Shingle'}"
63,4.0,2.0,2828.0,20400.0,"{'architectureType': 'Ranch', 'cooling': True, 'coolingType': 'Central', 'fireplace': True, 'floorCount': 2, 'foundationType': 'Raised', 'garage': True, 'garageSpaces': 3, 'garageType': 'Garage', 'heating': True, 'heatingType': 'Forced Air', 'pool': True, 'roomCount': 10, 'unitCount': 1}"
64,3.0,2.5,2185.0,184389.0,"{'cooling': True, 'coolingType': 'Central', 'exteriorType': 'Brick Veneer', 'fireplace': True, 'floorCount': 1, 'foundationType': 'Slab / Mat / Raft', 'garage': True, 'garageSpaces': 2, 'garageType': 'Garage', 'heating': True, 'heatingType': 'Central', 'unitCount': 1}"
65,4.0,2.5,3007.0,10019.0,"{'exteriorType': 'Other', 'fireplace': True, 'floorCount': 2, 'foundationType': 'Raised', 'garage': True, 'garageSpaces': 2, 'garageType': 'Attached', 'heating': True, 'heatingType': 'Forced Air', 'roofType': 'Composition Shingle', 'roomCount': 6, 'unitCount': 1}"
66,0.0,0.0,3120.0,2139.0,"{'architectureType': 'Condo / Apartment', 'exteriorType': 'Other', 'floorCount': 3, 'unitCount': 1, 'viewType': 'Average'}"
67,0.0,0.0,1464.0,21780.0,nan
68,4.0,2.0,1781.0,6926.0,"{'architectureType': 'Contemporary', 'cooling': True, 'coolingType': 'Central', 'exteriorType': 'Asbestos Shingle', 'floorCount': 1, 'foundationType': 'Slab / Mat / Raft', 'heating': True, 'heatingType': 'Forced Air', 'roofType': 'Asphalt', 'roomCount': 7, 'unitCount': 1}"
69,3.0,1.0,1260.0,11187.0,"{'cooling': True, 'coolingType': 'Central', 'floorCount': 1, 'garage': True, 'garageSpaces': 2, 'garageType': 'Attached', 'heating': True, 'heatingType': 'Central', 'roofType': 'Asphalt', 'roomCount': 7, 'unitCount': 1}"
70,0.0,2.0,1664.0,8015.0,"{'cooling': True, 'coolingType': 'Refrigeration', 'exteriorType': 'Wood', 'floorCount': 1, 'garage': True, 'garageSpaces': 2, 'garageType': 'Garage', 'heating': True, 'heatingType': 'Forced Air', 'roofType': 'Asphalt', 'roomCount': 6, 'unitCount': 1}"
71,3.0,2.0,1269.0,0.0,"{'cooling': True, 'coolingType': 'Central', 'exteriorType': 'Brick', 'floorCount': 1, 'foundationType': 'Slab / Mat / Raft', 'garage': True, 'garageSpaces': 2, 'garageType': 'Attached', 'heating': True, 'heatingType': 'Central', 'roofType': 'Composition Shingle', 'unitCount': 1}"
72,2.0,1.0,782.0,6000.0,"{'cooling': True, 'coolingType': 'Commercial', 'exteriorType': 'Wood', 'floorCount': 1, 'garage': True, 'garageSpaces': 2, 'garageType': 'Detached', 'roofType': 'Shingle', 'unitCount': 1}"
73,4.0,2.0,1260.0,9360.0,"{'architectureType': 'Contemporary', 'cooling': True, 'coolingType': 'Central', 'exteriorType': 'Asbestos Shingle', 'floorCount': 1, 'foundationType': 'Slab / Mat / Raft', 'garage': True, 'garageSpaces': 2, 'garageType': 'Attached', 'heating': True, 'heatingType': 'Forced Air', 'roofType': 'Asphalt', 'roomCount': 6, 'unitCount': 1}"
74,3.0,2.0,2646.0,12837.0,"{'architectureType': 'Traditional', 'cooling': True, 'coolingType': 'Central', 'exteriorType': 'Brick Veneer', 'fireplace': True, 'floorCount': 1, 'foundationType': 'Slab / Mat / Raft', 'garage': True, 'garageSpaces': 1, 'garageType': 'Detached', 'heating': True, 'heatingType': 'Central', 'roomCount': 7, 'unitCount': 1}"
75,3.0,2.0,2428.0,8276.0,"{'cooling': True, 'coolingType': 'Commercial', 'exteriorType': 'Stucco', 'fireplace': True, 'floorCount': 2, 'foundationType': 'Concrete', 'garage': True, 'garageSpaces': 2, 'garageType': 'Mixed', 'heating': True, 'heatingType': 'Forced Air', 'roofType': 'Other', 'unitCount': 1}"
76,3.0,1.5,1008.0,7920.0,"{'architectureType': 'Contemporary', 'cooling': True, 'coolingType': 'Central', 'exteriorType': 'Asbestos Shingle', 'floorCount': 1, 'foundationType': 'Slab / Mat / Raft', 'garage': True, 'garageType': 'Carport', 'heating': True, 'heatingType': 'Forced Air', 'roofType': 'Roll Tar & Gravel', 'roomCount': 6, 'unitCount': 1}"
77,3.0,1.5,1045.0,6569.0,"{'architectureType': 'Traditional', 'cooling': True, 'coolingType': 'Central', 'exteriorType': 'Brick Veneer', 'floorCount': 1, 'foundationType': 'Slab / Mat / Raft', 'garage': True, 'garageSpaces': 7, 'garageType': 'Attached', 'heating': True, 'heatingType': 'Central', 'roomCount': 6, 'unitCount': 1}"
78,4.0,3.0,2112.0,6301.0,"{'cooling': True, 'coolingType': 'Central', 'exteriorType': 'Stucco', 'floorCount': 1, 'garage': True, 'garageSpaces': 2, 'garageType': 'Garage', 'heating': True, 'heatingType': 'Forced Air', 'roofType': 'Composition Shingle'}"
79,0.0,0.0,1584.0,217800.0,"{'architectureType': 'Mobile Home', 'floorCount': 1}"
80,4.0,2.0,1644.0,5663.0,"{'cooling': True, 'coolingType': 'Commercial', 'fireplace': True, 'garage': True, 'garageType': 'Garage', 'unitCount': 1}"
81,3.0,1.0,924.0,40167.0,"{'architectureType': 'Modular', 'cooling': True, 'coolingType': 'Commercial', 'exteriorType': 'Wood Shingle', 'floorCount': 1, 'foundationType': 'Raised', 'heating': True, 'heatingType': 'Forced Air', 'roomCount': 5, 'unitCount': 1}"
82,1.0,1.0,750.0,0.0,nan
83,2.0,2.0,936.0,1699.0,"{'architectureType': 'Ranch', 'exteriorType': 'Other', 'fireplace': True, 'floorCount': 1, 'foundationType': 'Other', 'garage': True, 'garageType': 'Carport', 'heating': True, 'heatingType': 'Forced Air', 'roofType': 'Composition Shingle', 'unitCount': 1, 'cooling': True, 'coolingType': 'Central'}"
84,2.0,2.0,1192.0,0.0,"{'cooling': True, 'coolingType': 'Commercial', 'exteriorType': 'Brick', 'floorCount': 1, 'garage': True, 'garageSpaces': 1, 'garageType': 'Garage', 'heating': True, 'heatingType': 'Forced Air', 'roofType': 'Composition Shingle', 'roomCount': 5, 'unitCount': 1, 'architectureType': 'Contemporary'}"
85,3.0,2.0,1589.0,8398.0,"{'cooling': True, 'coolingType': 'Central', 'exteriorType': 'Wood', 'floorCount': 1, 'foundationType': 'Pier / Post & Beam', 'garage': True, 'garageSpaces': 4, 'garageType': 'Carport', 'heating': True, 'heatingType': 'Central', 'roofType': 'Composition Shingle', 'unitCount': 1}"
86,3.0,1.0,1467.0,5500.0,"{'architectureType': 'Traditional', 'exteriorType': 'Brick', 'floorCount': 2, 'garage': True, 'garageType': 'Detached', 'heating': True, 'heatingType': 'Hot Water', 'roomCount': 5, 'unitCount': 1}"
87,3.0,3.0,2036.0,14843.0,"{'cooling': True, 'coolingType': 'Commercial', 'exteriorType': 'Brick', 'fireplace': True, 'floorCount': 1, 'foundationType': 'Wood', 'heating': True, 'heatingType': 'Forced Air', 'roofType': 'Shingle', 'roomCount': 6, 'unitCount': 1}"
88,3.0,2.0,1301.0,5500.0,"{'exteriorType': 'Concrete Block', 'floorCount': 1, 'roofType': 'Other', 'unitCount': 1}"
89,0.0,0.0,0.0,81457.0,nan
90,3.0,2.0,1339.0,8712.0,nan
91,3.0,3.0,2400.0,0.0,nan
92,2.0,1.5,900.0,0.0,"{'architectureType': 'Condo / Apartment', 'cooling': True, 'coolingType': 'Geo-Thermal', 'exteriorType': 'Brick', 'fireplace': True, 'floorCount': 1, 'garage': True, 'garageSpaces': 2, 'garageType': 'Carport', 'heating': True, 'heatingType': 'Electric', 'roomCount': 4, 'unitCount': 1}"
93,3.0,1.0,1288.0,25265.0,"{'architectureType': 'Conventional', 'exteriorType': 'Aluminum / Vinyl Siding', 'floorCount': 1, 'heating': True, 'heatingType': 'Hot Water', 'roofType': 'Asphalt', 'roomCount': 5, 'unitCount': 1}"
94,0.0,0.0,1280.0,0.0,{'architectureType': 'Mobile Home'}
95,3.0,1.0,1602.0,28967.0,"{'architectureType': 'Bungalow', 'cooling': True, 'coolingType': 'Central', 'fireplace': True, 'floorCount': 2, 'garage': True, 'garageType': 'Garage', 'heating': True, 'heatingType': 'Gas', 'unitCount': 1}"
96,3.0,2.5,3062.0,16000.0,"{'garage': True, 'garageSpaces': 2, 'garageType': 'Garage', 'unitCount': 1}"
97,4.0,2.0,2288.0,8763.0,"{'cooling': True, 'coolingType': 'Commercial', 'exteriorType': 'Stucco', 'fireplace': True, 'floorCount': 1, 'garage': True, 'garageSpaces': 2, 'garageType': 'Attached', 'heating': True, 'roofType': 'Tile', 'roomCount': 7, 'unitCount': 1}"
98,3.0,2.0,2022.0,12023.0,"{'architectureType': 'Gambrel', 'cooling': True, 'coolingType': 'Commercial', 'exteriorType': 'Aluminum / Vinyl Siding', 'fireplace': True, 'floorCount': 2, 'heating': True, 'heatingType': 'Forced Air', 'pool': True, 'roofType': 'Asphalt', 'roomCount': 5, 'unitCount': 1, 'poolType': 'In-Ground Pool'}"
99,3.0,1.0,1116.0,4687.0,"{'architectureType': 'Bungalow', 'cooling': True, 'coolingType': 'Central', 'exteriorType': 'Masonry', 'floorCount': 1, 'garage': True, 'garageSpaces': 2, 'garageType': 'Detached Garage', 'roofType': 'Shingle (Not Wood)', 'unitCount': 1}"
100,1.0,1.0,935.0,0.0,nan
101,5.0,2.5,2600.0,10500.0,nan
102,1.0,1.0,780.0,0.0,{'unitCount': 1}
103,0.0,1.0,2080.0,1667041.0,"{'cooling': True, 'coolingType': 'Central', 'exteriorType': 'Combination', 'fireplace': True, 'floorCount': 1, 'foundationType': 'Slab', 'heating': True, 'heatingType': 'Central', 'roofType': 'Fiberglass'}"
104,0.0,2.0,1549.0,19500.0,{'unitCount': 1}
105,4.0,1.0,1728.0,9148.0,"{'architectureType': 'Bi-Level', 'cooling': True, 'coolingType': 'Central', 'exteriorType': 'Brick / Stone', 'fireplace': True, 'floorCount': 1, 'garage': True, 'garageType': 'Attached', 'heating': True, 'heatingType': 'Forced Air', 'roofType': 'Composition Shingle', 'roomCount': 7, 'unitCount': 1}"
106,3.0,2.5,1644.0,4792.0,"{'architectureType': '2+ Story', 'cooling': True, 'coolingType': 'Central', 'exteriorType': 'Stucco', 'floorCount': 2, 'garage': True, 'garageSpaces': 1, 'garageType': 'Built-in', 'heating': True, 'heatingType': 'Forced Air', 'roofType': 'Tile', 'roomCount': 6, 'unitCount': 1}"
107,2.0,1.0,1000.0,7491.0,nan
108,3.0,2.0,1522.0,87120.0,"{'cooling': True, 'coolingType': 'Commercial', 'exteriorType': 'Other', 'floorCount': 1, 'foundationType': 'Masonry', 'heating': True, 'heatingType': 'Heat Pump', 'roofType': 'Composition Shingle', 'roomCount': 6}"
109,3.0,2.5,1870.0,0.0,"{'cooling': True, 'coolingType': 'Central', 'exteriorType': 'Stucco', 'floorCount': 2, 'foundationType': 'Slab / Mat / Raft', 'garage': True, 'garageType': 'Garage', 'heating': True, 'heatingType': 'Central', 'roofType': 'Composition Shingle'}"
110,2.0,2.0,1116.0,0.0,{'architectureType': 'Condo / Apartment'}
111,3.0,2.0,1450.0,250000.0,nan
112,3.0,1.0,1033.0,3540.0,"{'architectureType': 'Traditional', 'exteriorType': 'Composition', 'floorCount': 2, 'garage': True, 'garageSpaces': 1, 'garageType': 'Detached', 'heating': True, 'heatingType': 'Forced Air', 'unitCount': 1, 'roomCount': 7}"
113,3.0,2.0,1708.0,6534.0,"{'cooling': True, 'coolingType': 'Central', 'exteriorType': 'Aluminum / Vinyl Siding', 'floorCount': 2, 'foundationType': 'Block', 'garage': True, 'garageType': 'Garage', 'heating': True, 'heatingType': 'Heat Pump', 'roofType': 'Composition Shingle', 'roomCount': 7}"
114,3.0,2.0,1246.0,6000.0,"{'architectureType': 'Contemporary', 'cooling': True, 'coolingType': 'Central', 'exteriorType': 'Wood', 'fireplace': True, 'floorCount': 1, 'foundationType': 'Slab / Mat / Raft', 'garage': True, 'garageSpaces': 1, 'garageType': 'Attached', 'heating': True, 'heatingType': 'Forced Air', 'roofType': 'Asphalt', 'roomCount': 5, 'unitCount': 1}"
115,3.0,3.5,3378.0,6813.0,"{'garage': True, 'garageType': 'Garage', 'pool': True, 'cooling': True, 'coolingType': 'Commercial', 'exteriorType': 'Stucco', 'floorCount': 2, 'heating': True, 'heatingType': 'Forced Air', 'roofType': 'Tile'}"
116,4.0,2.0,2429.0,10957.0,"{'cooling': True, 'coolingType': 'Central', 'exteriorType': 'Stucco', 'floorCount': 1, 'foundationType': 'Slab / Mat / Raft', 'garage': True, 'garageType': 'Garage', 'roofType': 'Tile', 'unitCount': 1}"
117,0.0,2.0,1020.0,0.0,"{'cooling': True, 'coolingType': 'Central', 'exteriorType': 'Brick / Wood', 'fireplace': True, 'floorCount': 1, 'foundationType': 'Block with Runner', 'heating': True, 'heatingType': 'Central', 'roofType': 'Composition Shingle', 'unitCount': 1}"
118,0.0,1.5,1331.0,13939.0,"{'architectureType': 'Ranch', 'cooling': True, 'coolingType': 'Commercial', 'fireplace': True, 'floorCount': 1, 'garage': True, 'garageType': 'Garage', 'heating': True, 'heatingType': 'Forced Air', 'unitCount': 1}"
119,0.0,3.0,2308.0,10385.0,"{'cooling': True, 'coolingType': 'Refrigeration', 'exteriorType': 'Wood', 'floorCount': 1, 'garage': True, 'garageSpaces': 3, 'garageType': 'Garage', 'heating': True, 'heatingType': 'Forced Air', 'pool': True, 'roofType': 'Other', 'roomCount': 8, 'unitCount': 1, 'viewType': 'Lake'}"
120,4.0,3.0,3979.0,0.0,"{'cooling': True, 'exteriorType': 'Brick', 'fireplace': True, 'floorCount': 2, 'garage': True, 'garageSpaces': 2, 'garageType': 'Attached Garage', 'heating': True, 'heatingType': 'Central', 'roofType': 'Composition Shingle', 'roomCount': 9, 'unitCount': 1}"
121,3.0,1.0,1726.0,7875.0,"{'exteriorType': 'Concrete Block', 'floorCount': 1, 'roofType': 'Other', 'unitCount': 1}"
122,4.0,4.0,3018.0,43560.0,"{'cooling': True, 'coolingType': 'Central', 'exteriorType': 'Masonry', 'fireplace': True, 'fireplaceType': 'Prefab', 'floorCount': 2, 'foundationType': 'Masonry', 'garage': True, 'garageSpaces': 7, 'garageType': 'Underground / Basement', 'heating': True, 'heatingType': 'Central', 'roofType': 'Asphalt', 'roomCount': 8, 'viewType': 'Corner, Waterfront'}"
123,3.0,1.0,1305.0,9730.0,"{'architectureType': 'Ranch', 'exteriorType': 'Aluminum / Vinyl Siding', 'floorCount': 1, 'foundationType': 'Slab / Mat / Raft', 'heating': True, 'heatingType': 'Forced Air', 'roomCount': 6, 'unitCount': 1}"
124,0.0,2.5,2688.0,7363.0,"{'cooling': True, 'coolingType': 'Central', 'exteriorType': 'Brick Veneer', 'fireplace': True, 'floorCount': 2, 'foundationType': 'Slab / Mat / Raft', 'garage': True, 'garageSpaces': 1, 'garageType': 'Garage', 'heating': True, 'heatingType': 'Central', 'unitCount': 1}"
125,1.0,1.0,0.0,0.0,nan
126,0.0,0.0,924.0,8398.0,"{'cooling': True, 'coolingType': 'Central', 'exteriorType': 'Other', 'floorCount': 1, 'foundationType': 'Slab / Mat / Raft', 'garage': True, 'garageType': 'Mixed', 'heating': True, 'heatingType': 'Central', 'unitCount': 1}"
127,4.0,3.0,2376.0,217800.0,nan
128,2.0,1.0,1096.0,43560.0,"{'exteriorType': 'Wood', 'fireplace': True, 'floorCount': 1, 'foundationType': 'Masonry', 'heating': True, 'heatingType': 'Floor / Wall', 'roofType': 'Metal'}"
129,4.0,2.0,1664.0,6098.0,"{'unitCount': 2, 'exteriorType': 'Plywood', 'floorCount': 1, 'garage': True, 'garageType': 'Basement', 'heating': True, 'heatingType': 'Baseboard'}"
130,4.0,2.5,2478.0,9975.0,"{'cooling': True, 'coolingType': 'Central', 'exteriorType': 'Aluminum / Vinyl Siding', 'fireplace': True, 'floorCount': 2, 'foundationType': 'Footing', 'garage': True, 'garageType': 'Mixed', 'heating': True, 'heatingType': 'Forced Air', 'roofType': 'Composition Shingle'}"
131,1.0,1.0,636.0,194713.0,"{'architectureType': 'Condo / Apartment', 'floorCount': 1, 'heating': True, 'heatingType': 'Hot Water', 'roomCount': 3, 'unitCount': 1}"
132,5.0,1.5,1456.0,4000.0,"{'architectureType': 'Traditional', 'exteriorType': 'Aluminum / Vinyl Siding', 'floorCount': 2, 'garage': True, 'garageSpaces': 1, 'garageType': 'Detached', 'heating': True, 'heatingType': 'Steam', 'unitCount': 1}"
133,1.0,1.0,811.0,0.0,nan
134,6.0,3.0,3072.0,16052.0,"{'architectureType': 'Duplex Single', 'cooling': True, 'coolingType': 'Central', 'floorCount': 2, 'garage': True, 'garageType': 'Garage', 'heating': True, 'heatingType': 'Gas', 'unitCount': 2}"
135,3.0,2.0,1776.0,8538.0,"{'floorCount': 2, 'foundationType': 'Other', 'garage': True, 'garageSpaces': 2, 'garageType': 'Attached', 'heating': True, 'heatingType': 'Gas', 'roomCount': 8}"
136,0.0,0.0,2991.0,1649.0,"{'architectureType': 'Condo / Apartment', 'exteriorType': 'Brick', 'floorCount': 1, 'unitCount': 1, 'viewType': 'Average'}"
137,3.0,2.5,0.0,0.0,nan
138,5.0,3.0,2771.0,6098.0,"{'exteriorType': 'Other', 'fireplace': True, 'floorCount': 2, 'foundationType': 'Raised', 'garage': True, 'garageType': 'Garage', 'heating': True, 'heatingType': 'Forced Air', 'roofType': 'Composition Shingle', 'roomCount': 7}"
139,2.0,1.5,1088.0,1742.0,"{'architectureType': 'Townhouse', 'cooling': True, 'coolingType': 'Commercial', 'exteriorType': 'Aluminum / Vinyl Siding', 'floorCount': 2, 'heating': True, 'heatingType': 'Forced Air', 'roofType': 'Composition Shingle', 'roomCount': 5, 'unitCount': 1}"
140,4.0,2.0,2332.0,3968.0,"{'architectureType': 'Two Family', 'cooling': True, 'coolingType': 'Commercial', 'exteriorType': 'Wood', 'floorCount': 2, 'foundationType': 'Slab / Mat / Raft', 'garage': True, 'garageSpaces': 1, 'garageType': 'Detached', 'roofType': 'Shingle', 'unitCount': 2}"
141,0.0,0.0,0.0,9071.0,nan
142,4.0,2.5,3200.0,0.0,"{'exteriorType': 'Vinyl', 'floorCount': 1, 'garage': True, 'garageType': 'Attached'}"
143,3.0,3.5,3156.0,970952.0,nan
144,4.0,2.0,1826.0,6600.0,"{'cooling': True, 'coolingType': 'Refrigeration', 'floorCount': 1, 'garage': True, 'garageType': 'Garage'}"
145,0.0,2.0,1827.0,9216.0,"{'exteriorType': 'Vinyl', 'floorCount': 1, 'heating': True, 'heatingType': 'Central', 'roofType': 'Asphalt'}"
146,0.0,0.0,1989.0,0.0,{'architectureType': 'Condo / Apartment'}
147,3.0,2.0,1553.0,12632.0,"{'cooling': True, 'coolingType': 'Central', 'exteriorType': 'Brick Veneer', 'fireplace': True, 'floorCount': 1, 'foundationType': 'Footing', 'heating': True, 'heatingType': 'Heat Pump'}"
148,4.0,2.0,2358.0,4008.0,"{'cooling': True, 'coolingType': 'Commercial', 'exteriorType': 'Stucco', 'floorCount': 2, 'garage': True, 'garageType': 'Built-in', 'heating': True, 'heatingType': 'Forced Air', 'roofType': 'Shingle', 'unitCount': 1}"
149,3.0,2.5,1878.0,5214.0,"{'cooling': True, 'coolingType': 'Central', 'exteriorType': 'Brick / Stone', 'fireplace': True, 'floorCount': 2, 'foundationType': 'Slab / Mat / Raft', 'garage': True, 'garageSpaces': 2, 'garageType': 'Attached', 'heating': True, 'heatingType': 'Central', 'roofType': 'Composition Shingle', 'pool': True}"
150,3.0,1.5,2218.0,11326.0,"{'cooling': True, 'coolingType': 'Central', 'exteriorType': 'Brick Veneer', 'floorCount': 1, 'foundationType': 'Block', 'heating': True, 'heatingType': 'Central', 'roofType': 'Asphalt', 'roomCount': 7, 'unitCount': 2}"
151,0.0,1.0,1258.0,12197.0,"{'cooling': True, 'coolingType': 'Central', 'exteriorType': 'Wood', 'floorCount': 1, 'foundationType': 'Other', 'heating': True, 'heatingType': 'Central', 'roofType': 'Metal'}"
152,3.0,1.0,1993.0,217800.0,"{'cooling': True, 'coolingType': 'Central', 'exteriorType': 'Aluminum / Vinyl Siding', 'fireplace': True, 'floorCount': 1, 'heating': True, 'heatingType': 'Forced Air', 'roofType': 'Composition Shingle', 'unitCount': 1}"
153,0.0,0.0,0.0,10019.0,nan
154,5.0,4.0,1048.0,4687.0,"{'exteriorType': 'Wood', 'floorCount': 1, 'garage': True, 'garageSpaces': 1, 'garageType': 'Garage', 'unitCount': 1}"
155,0.0,1.0,751.0,0.0,"{'architectureType': 'Condo / Apartment', 'unitCount': 1}"
156,4.0,2.0,1743.0,0.0,nan
157,0.0,0.0,0.0,15246.0,nan
158,3.0,1.0,1003.0,5663.0,"{'floorCount': 1, 'foundationType': 'Slab / Mat / Raft', 'garage': True, 'garageSpaces': 2, 'garageType': 'Attached', 'roofType': 'Composition Shingle', 'roomCount': 5, 'unitCount': 1}"
159,3.0,3.0,2114.0,8320.0,"{'cooling': True, 'coolingType': 'Central', 'exteriorType': 'Other', 'floorCount': 1, 'garage': True, 'garageType': 'Garage', 'heating': True, 'heatingType': 'Forced Air', 'roofType': 'Metal', 'unitCount': 1}"
160,4.0,2.0,1755.0,5360.0,"{'cooling': True, 'coolingType': 'Central', 'exteriorType': 'Aluminum / Vinyl Siding', 'fireplace': True, 'fireplaceType': 'Gas Log', 'floorCount': 2, 'foundationType': 'Block', 'garage': True, 'garageType': 'Built-in', 'heating': True, 'heatingType': 'Central', 'roofType': 'Composition Shingle', 'roomCount': 8, 'unitCount': 1}"
161,0.0,0.0,3872.0,2417.0,"{'floorCount': 3, 'unitCount': 3}"
162,3.0,3.0,2246.0,11151.0,"{'cooling': True, 'coolingType': 'Central', 'exteriorType': 'Aluminum / Vinyl Siding', 'fireplace': True, 'floorCount': 2, 'garage': True, 'garageType': 'Attached', 'heating': True, 'heatingType': 'Central', 'roofType': 'Composition Shingle', 'roomCount': 3, 'unitCount': 1}"
163,0.0,1.0,1172.0,0.0,"{'architectureType': 'Split Level', 'fireplace': True, 'floorCount': 2, 'garage': True, 'garageType': 'Detached'}"
164,4.0,2.5,2240.0,8276.0,"{'architectureType': 'Colonial', 'cooling': True, 'coolingType': 'Commercial', 'exteriorType': 'Aluminum / Vinyl Siding', 'fireplace': True, 'floorCount': 2, 'garage': True, 'garageType': 'Basement', 'heating': True, 'heatingType': 'Hot Water', 'roofType': 'Asphalt', 'roomCount': 8, 'unitCount': 1}"
165,3.0,1.0,1373.0,16547.0,"{'architectureType': 'Ranch / Rambler', 'cooling': True, 'coolingType': 'Commercial', 'exteriorType': 'Wood Siding', 'fireplace': True, 'floorCount': 1, 'heating': True, 'heatingType': 'Forced Air', 'roofType': 'Asphalt', 'roomCount': 6, 'unitCount': 1}"
166,0.0,1.0,1248.0,39047.0,"{'architectureType': 'Mobile Home', 'cooling': True, 'coolingType': 'Central', 'exteriorType': 'Other', 'floorCount': 1, 'garage': True, 'garageType': 'Detached', 'heating': True, 'heatingType': 'Forced Air', 'roofType': 'Metal', 'unitCount': 1}"
167,0.0,2.5,1860.0,2309.0,"{'architectureType': 'Townhouse', 'cooling': True, 'coolingType': 'Commercial', 'exteriorType': 'Brick', 'fireplace': True, 'floorCount': 2, 'garage': True, 'garageSpaces': 2, 'garageType': 'Basement', 'heating': True, 'heatingType': 'Forced Air', 'roofType': 'Composition Shingle', 'unitCount': 1}"
168,3.0,3.0,1817.0,3049.0,"{'architectureType': 'Other', 'cooling': True, 'coolingType': 'Central', 'exteriorType': 'Brick', 'fireplace': True, 'floorCount': 2, 'foundationType': 'Masonry', 'garage': True, 'garageType': 'Garage', 'heating': True, 'heatingType': 'Forced Air', 'roofType': 'Slate'}"
169,5.0,4.0,3004.0,425581.0,"{'garage': True, 'garageSpaces': 1, 'garageType': 'Garage', 'pool': True, 'unitCount': 1}"
170,3.0,3.0,1967.0,6011.0,"{'architectureType': 'Conventional', 'cooling': True, 'coolingType': 'Central', 'exteriorType': 'Brick Veneer', 'fireplace': True, 'floorCount': 1, 'foundationType': 'Slab / Mat / Raft', 'garage': True, 'garageSpaces': 1, 'garageType': 'Garage', 'heating': True, 'heatingType': 'Central', 'roofType': 'Composition Shingle', 'unitCount': 1}"
171,3.0,2.0,1503.0,12567.0,"{'cooling': True, 'coolingType': 'Central', 'exteriorType': 'Aluminum / Vinyl Siding', 'floorCount': 1, 'garage': True, 'garageType': 'Garage', 'heating': True, 'heatingType': 'Forced Air', 'roofType': 'Composition Shingle', 'unitCount': 1}"
172,3.0,2.5,2024.0,21344.0,"{'cooling': True, 'coolingType': 'Package', 'exteriorType': 'Brick', 'fireplace': True, 'floorCount': 2, 'foundationType': 'Footing', 'garage': True, 'garageType': 'Carport', 'heating': True, 'heatingType': 'Heat Pump'}"
173,3.0,2.0,2795.0,11609.0,"{'architectureType': 'Custom', 'garage': True, 'garageType': 'Garage', 'unitCount': 1}"
174,3.0,2.5,1570.0,4520.0,"{'cooling': True, 'coolingType': 'Central', 'fireplace': True, 'floorCount': 2, 'garage': True, 'garageSpaces': 2, 'garageType': 'Basement', 'heating': True, 'heatingType': 'Central', 'roofType': 'Wood Shingle', 'roomCount': 5, 'unitCount': 1}"
175,3.0,3.0,2375.0,0.0,"{'architectureType': 'Condo / Apartment', 'cooling': True, 'coolingType': 'Central', 'fireplace': True, 'heating': True, 'heatingType': 'Hot Water', 'roomCount': 6, 'unitCount': 1}"
176,3.0,1.0,1543.0,5227.0,"{'architectureType': 'Bungalow', 'exteriorType': 'Other', 'fireplace': True, 'floorCount': 1, 'foundationType': 'Other', 'garage': True, 'garageSpaces': 2, 'garageType': 'Attached', 'heating': True, 'heatingType': 'Forced Air', 'roofType': 'Composition Shingle', 'unitCount': 1}"
177,1.0,1.0,720.0,0.0,"{'architectureType': 'Condo / Apartment', 'exteriorType': 'Brick', 'floorCount': 3, 'heating': True, 'heatingType': 'Hot Water', 'roofType': 'Asphalt', 'roomCount': 4, 'unitCount': 1}"
178,3.0,1.0,1295.0,10977.0,"{'cooling': True, 'coolingType': 'Central', 'floorCount': 1, 'garage': True, 'garageSpaces': 6, 'garageType': 'Mixed', 'heating': True, 'heatingType': 'Central', 'roofType': 'Asphalt', 'roomCount': 6}"
179,0.0,0.0,1484.0,2100.0,"{'cooling': True, 'coolingType': 'Central', 'exteriorType': 'Aluminum / Vinyl Siding', 'floorCount': 2, 'foundationType': 'Brick', 'heating': True, 'heatingType': 'Forced Air', 'roofType': 'Composition Shingle', 'unitCount': 1, 'viewType': 'Fair'}"
180,0.0,0.0,0.0,7797.0,nan
181,2.0,1.0,912.0,4008.0,"{'exteriorType': 'Aluminum / Vinyl Siding', 'floorCount': 1, 'foundationType': 'Raised', 'garage': True, 'garageType': 'Detached', 'roomCount': 5}"
182,4.0,2.5,3684.0,21344.0,{'unitCount': 1}
183,1.0,1.0,612.0,8398.0,"{'architectureType': 'Bungalow', 'exteriorType': 'Aluminum / Vinyl Siding', 'floorCount': 1, 'heating': True, 'roomCount': 4, 'unitCount': 1}"
184,3.0,2.0,1400.0,24829.0,nan
185,3.0,2.0,1326.0,6599.0,"{'architectureType': 'Traditional', 'cooling': True, 'coolingType': 'Central', 'exteriorType': 'Brick Veneer', 'fireplace': True, 'floorCount': 1, 'foundationType': 'Slab / Mat / Raft', 'garage': True, 'garageSpaces': 2, 'garageType': 'Attached', 'heating': True, 'heatingType': 'Central', 'roomCount': 6, 'unitCount': 1}"
186,3.0,2.0,2230.0,351965.0,"{'architectureType': 'Ranch', 'cooling': True, 'coolingType': 'Central', 'exteriorType': 'Brick Veneer', 'floorCount': 1, 'foundationType': 'Block', 'garage': True, 'garageType': 'Mixed', 'heating': True, 'heatingType': 'Forced Air', 'roofType': 'Composition Shingle', 'roomCount': 5, 'unitCount': 1, 'fireplace': True}"
187,3.0,2.5,1398.0,3920.0,"{'cooling': True, 'coolingType': 'Central', 'exteriorType': 'Stucco', 'floorCount': 2, 'garage': True, 'garageType': 'Built-in', 'heating': True, 'heatingType': 'Forced Air', 'roofType': 'Tile', 'roomCount': 6, 'unitCount': 1}"
188,2.0,1.0,1088.0,4996.0,"{'cooling': True, 'coolingType': 'Central', 'floorCount': 1, 'heating': True, 'heatingType': 'Central', 'unitCount': 1}"
189,0.0,0.0,768.0,4482.0,"{'cooling': True, 'coolingType': 'Central', 'exteriorType': 'Brick', 'floorCount': 1, 'garage': True, 'garageType': 'Carport', 'heating': True, 'heatingType': 'Central', 'unitCount': 2}"
190,2.0,1.0,864.0,3659.0,"{'fireplace': True, 'garage': True, 'garageType': 'Garage', 'roofType': 'Composition Shingle', 'unitCount': 1}"
191,4.0,3.5,4496.0,267894.0,nan
192,0.0,0.0,2080.0,3500.0,"{'architectureType': 'Duplex', 'floorCount': 2, 'unitCount': 2}"
193,0.0,4.0,2880.0,12497.0,"{'cooling': True, 'coolingType': 'Central', 'exteriorType': 'Concrete Block', 'floorCount': 1, 'foundationType': 'Block with Runner', 'heating': True, 'roofType': 'Composition Shingle'}"
194,2.0,3.0,1676.0,5920.0,"{'cooling': True, 'coolingType': 'Refrigeration', 'exteriorType': 'Wood', 'floorCount': 1, 'garage': True, 'garageSpaces': 2, 'garageType': 'Garage', 'heating': True, 'heatingType': 'Forced Air', 'pool': True, 'poolType': 'Community Pool', 'roofType': 'Other', 'roomCount': 6, 'unitCount': 1}"
195,4.0,2.0,2020.0,91302.0,nan
196,0.0,0.0,1698.0,7131.0,"{'cooling': True, 'coolingType': 'Central', 'exteriorType': 'Brick', 'floorCount': 1, 'foundationType': 'Slab / Mat / Raft', 'garage': True, 'garageSpaces': 2, 'garageType': 'Attached', 'heating': True, 'heatingType': 'Central', 'roofType': 'Composition Shingle'}"
197,3.0,2.0,1310.0,1307.0,"{'architectureType': 'Ranch', 'cooling': True, 'coolingType': 'Central', 'exteriorType': 'Aluminum / Vinyl Siding', 'floorCount': 1, 'garage': True, 'garageType': 'Garage', 'heating': True, 'heatingType': 'Central', 'roomCount': 6, 'unitCount': 1}"
198,4.0,3.0,3313.0,13939.0,"{'fireplace': True, 'floorCount': 2, 'garage': True, 'garageType': 'Garage', 'roomCount': 8, 'unitCount': 1}"
199,3.0,2.0,1674.0,74923.0,"{'architectureType': 'Conventional', 'cooling': True, 'coolingType': 'Commercial', 'exteriorType': 'Aluminum / Vinyl Siding', 'floorCount': 1, 'heating': True, 'roomCount': 6}"
200,0.0,1.0,1121.0,16936.0,"{'cooling': True, 'coolingType': 'Refrigeration', 'exteriorType': 'Block', 'floorCount': 1, 'garage': True, 'garageSpaces': 6, 'garageType': 'Carport', 'heating': True, 'roofType': 'Asphalt', 'roomCount': 4}"
201,4.0,4.0,1974.0,0.0,"{'cooling': True, 'coolingType': 'Central', 'exteriorType': 'Concrete', 'floorCount': 2, 'roomCount': 12}"
202,3.0,1.5,1340.0,11388.0,"{'architectureType': 'Ranch', 'cooling': True, 'coolingType': 'Central', 'exteriorType': 'Aluminum / Vinyl Siding', 'floorCount': 1, 'garage': True, 'garageSpaces': 2, 'garageType': 'Attached', 'heating': True, 'heatingType': 'Forced Air', 'roofType': 'Asphalt', 'roomCount': 6, 'unitCount': 1}"
203,4.0,4.0,3501.0,217800.0,"{'exteriorType': 'Stucco', 'fireplace': True, 'floorCount': 2, 'foundationType': 'Other', 'garage': True, 'garageType': 'Mixed', 'roofType': 'Shingle', 'unitCount': 1}"
204,3.0,2.5,1188.0,8712.0,"{'architectureType': 'Ranch', 'cooling': True, 'coolingType': 'Central', 'exteriorType': 'Vinyl', 'fireplace': True, 'floorCount': 1, 'garage': True, 'garageType': 'Basement', 'heating': True, 'heatingType': 'Forced Air', 'roofType': 'Composition Shingle', 'unitCount': 1, 'foundationType': 'Other'}"
205,3.0,2.0,3504.0,28000.0,"{'architectureType': 'Conventional', 'cooling': True, 'coolingType': 'Central', 'exteriorType': 'Wood', 'fireplace': True, 'floorCount': 1, 'foundationType': 'Raised', 'garage': True, 'garageType': 'Detached', 'heating': True, 'heatingType': 'Oil', 'roomCount': 12, 'unitCount': 1}"
206,0.0,2.0,1410.0,6064.0,"{'cooling': True, 'coolingType': 'Refrigeration', 'exteriorType': 'Block', 'floorCount': 1, 'garage': True, 'garageSpaces': 1, 'garageType': 'Carport', 'heating': True, 'heatingType': 'Forced Air', 'roofType': 'Asphalt', 'roomCount': 6, 'unitCount': 1}"
207,2.0,2.0,1322.0,0.0,{'architectureType': 'Condo / Apartment'}
208,3.0,2.0,1936.0,12197.0,"{'architectureType': 'Conventional', 'cooling': True, 'coolingType': 'Central', 'exteriorType': 'Aluminum / Vinyl Siding', 'fireplace': True, 'floorCount': 1, 'foundationType': 'Slab / Mat / Raft', 'garage': True, 'garageSpaces': 2, 'garageType': 'Attached', 'heating': True, 'heatingType': 'Heat Pump', 'roofType': 'Asphalt', 'unitCount': 1}"
209,4.0,2.5,2863.0,5663.0,"{'cooling': True, 'coolingType': 'Commercial', 'exteriorType': 'Combination', 'fireplace': True, 'fireplaceType': 'Gas Log', 'floorCount': 2, 'foundationType': 'Slab / Mat / Raft', 'garage': True, 'garageType': 'Attached', 'heating': True, 'heatingType': 'Forced Air', 'roofType': 'Composition Shingle', 'roomCount': 9, 'unitCount': 1}"
210,2.0,1.0,800.0,9914.0,"{'architectureType': 'Mobile Home', 'floorCount': 1}"
211,3.0,2.0,1479.0,10488.0,"{'cooling': True, 'coolingType': 'Central', 'fireplace': True, 'fireplaceType': 'Masonry', 'floorCount': 1, 'garage': True, 'garageType': 'Attached', 'heating': True, 'heatingType': 'Central', 'roomCount': 6, 'unitCount': 1}"
212,5.0,3.0,2200.0,10454.0,"{'unitCount': 1, 'architectureType': 'Duplex'}"
213,4.0,2.0,1320.0,2178.0,"{'architectureType': 'Condo / Apartment', 'cooling': True, 'coolingType': 'Refrigeration', 'exteriorType': 'Block', 'floorCount': 1, 'garage': True, 'garageSpaces': 2, 'garageType': 'Carport', 'heating': True, 'heatingType': 'Forced Air', 'roofType': 'Asphalt', 'roomCount': 6, 'unitCount': 1}"
214,2.0,1.0,976.0,26136.0,"{'cooling': True, 'coolingType': 'Window', 'exteriorType': 'Aluminum / Vinyl Siding'}"
215,4.0,3.5,2575.0,10100.0,"{'architectureType': 'Split Level', 'cooling': True, 'coolingType': 'Central', 'exteriorType': 'Wood', 'fireplace': True, 'fireplaceType': 'Prefab', 'floorCount': 2, 'garage': True, 'garageSpaces': 2, 'garageType': 'Attached', 'heating': True, 'heatingType': 'Heat Pump', 'roomCount': 7, 'unitCount': 1}"
216,4.0,2.5,3076.0,29232.0,"{'architectureType': 'Colonial', 'cooling': True, 'coolingType': 'Central', 'exteriorType': 'Brick', 'fireplace': True, 'floorCount': 2, 'garage': True, 'garageType': 'Garage', 'heating': True, 'heatingType': 'Gas', 'roomCount': 9, 'unitCount': 1}"
217,4.0,3.5,3036.0,13814.0,nan
218,0.0,2.0,1510.0,7018.0,"{'cooling': True, 'coolingType': 'Refrigeration', 'exteriorType': 'Block', 'floorCount': 1, 'garage': True, 'garageSpaces': 2, 'garageType': 'Carport', 'heating': True, 'heatingType': 'Forced Air', 'pool': True, 'roofType': 'Asphalt', 'roomCount': 6, 'unitCount': 1}"
219,3.0,2.0,1266.0,270072.0,"{'architectureType': 'Condo / Apartment', 'cooling': True, 'coolingType': 'Commercial', 'heating': True, 'heatingType': 'Central', 'unitCount': 1}"
220,3.0,1.0,936.0,7449.0,"{'architectureType': 'Ranch', 'cooling': True, 'coolingType': 'Central', 'exteriorType': 'Aluminum / Vinyl Siding', 'floorCount': 1, 'garage': True, 'garageSpaces': 1, 'garageType': 'Attached', 'heating': True, 'heatingType': 'Gas', 'roomCount': 5, 'unitCount': 1}"
221,3.0,2.5,2177.0,6891.0,"{'cooling': True, 'coolingType': 'Central', 'exteriorType': 'Stucco', 'floorCount': 1, 'garage': True, 'garageSpaces': 2, 'garageType': 'Attached', 'heating': True, 'heatingType': 'Forced Air', 'pool': True, 'poolType': 'Community Pool', 'roofType': 'Tile', 'roomCount': 5}"
222,3.0,2.0,1722.0,7533.0,"{'architectureType': 'Conventional', 'exteriorType': 'Wood', 'fireplace': True, 'floorCount': 2, 'foundationType': 'Other', 'garage': True, 'garageType': 'Mixed', 'heating': True, 'heatingType': 'Forced Air', 'roofType': 'Composition Shingle', 'roomCount': 6}"
223,5.0,3.0,2696.0,6216.0,"{'exteriorType': 'Stucco', 'floorCount': 2, 'foundationType': 'Slab / Mat / Raft', 'roofType': 'Shingle', 'unitCount': 1}"
224,3.0,2.5,1945.0,4880.0,"{'architectureType': 'Colonial', 'exteriorType': 'Aluminum / Vinyl Siding', 'floorCount': 2, 'garage': True, 'garageSpaces': 2, 'garageType': 'Detached Garage', 'heating': True, 'heatingType': 'Forced Air', 'roomCount': 8, 'unitCount': 1}"
225,1.0,1.0,728.0,2110.0,"{'architectureType': 'Condo / Apartment', 'cooling': True, 'coolingType': 'Central', 'exteriorType': 'Stucco', 'floorCount': 1, 'heating': True, 'heatingType': 'Forced Air', 'roofType': 'Tile', 'roomCount': 3, 'unitCount': 1}"
226,0.0,2.0,1250.0,10019.0,"{'architectureType': 'Ranch', 'cooling': True, 'exteriorType': 'Adobe', 'fireplace': True, 'floorCount': 1, 'garage': True, 'garageSpaces': 2, 'garageType': 'Garage', 'heating': True, 'heatingType': 'Forced Air', 'roomCount': 5, 'unitCount': 1, 'coolingType': 'Commercial'}"
227,3.0,2.0,1300.0,6098.0,"{'exteriorType': 'Stucco', 'fireplace': True, 'floorCount': 2, 'garage': True, 'garageType': 'Attached', 'heating': True, 'heatingType': 'Hot Water', 'roomCount': 8, 'unitCount': 1}"
228,3.0,2.0,2082.0,17520.0,"{'cooling': True, 'coolingType': 'Central', 'exteriorType': 'Brick Veneer', 'fireplace': True, 'floorCount': 1, 'foundationType': 'Pier / Post & Beam', 'heating': True, 'heatingType': 'Central', 'roofType': 'Shingle', 'unitCount': 1}"
229,2.0,1.0,910.0,7318.0,"{'architectureType': 'Conventional', 'exteriorType': 'Aluminum / Vinyl Siding', 'floorCount': 1, 'heating': True, 'roomCount': 5, 'unitCount': 1}"
230,0.0,0.0,832.0,16644.0,"{'floorCount': 1, 'unitCount': 1}"
231,3.0,2.5,1330.0,2030.0,"{'architectureType': 'Split Level', 'cooling': True, 'coolingType': 'Commercial', 'exteriorType': 'Aluminum / Vinyl Siding', 'fireplace': True, 'floorCount': 2, 'heating': True, 'heatingType': 'Forced Air', 'roofType': 'Composition Shingle', 'roomCount': 5, 'unitCount': 1}"
232,4.0,3.0,3070.0,5972.0,"{'garage': True, 'garageSpaces': 3, 'garageType': 'Garage', 'unitCount': 1}"
233,0.0,0.0,0.0,61855.0,nan
234,3.0,2.0,1604.0,11326.0,"{'architectureType': 'Raised Ranch', 'cooling': True, 'coolingType': 'Central', 'exteriorType': 'Aluminum / Vinyl Siding', 'fireplace': True, 'floorCount': 1, 'garage': True, 'garageSpaces': 1, 'garageType': 'Detached', 'heating': True, 'heatingType': 'Central', 'unitCount': 1}"
235,0.0,1.0,1600.0,110207.0,"{'exteriorType': 'Siding', 'floorCount': 1, 'foundationType': 'Footing', 'heating': True, 'roofType': 'Metal', 'unitCount': 1}"
236,3.0,2.0,1379.0,0.0,"{'exteriorType': 'Brick', 'floorCount': 1, 'foundationType': 'Slab / Mat / Raft', 'heating': True, 'heatingType': 'Central', 'roofType': 'Shingle'}"
237,0.0,0.0,0.0,70119.0,nan
238,4.0,2.0,1693.0,7368.0,"{'cooling': True, 'coolingType': 'Central', 'exteriorType': 'Asbestos Shingle', 'floorCount': 2, 'foundationType': 'Raised', 'heating': True, 'heatingType': 'Forced Air', 'roofType': 'Composition Shingle', 'roomCount': 7, 'unitCount': 1}"
239,4.0,2.5,1907.0,5029.0,"{'cooling': True, 'coolingType': 'Central', 'exteriorType': 'Aluminum / Vinyl Siding', 'fireplace': True, 'floorCount': 2, 'foundationType': 'Slab / Mat / Raft', 'heating': True, 'heatingType': 'Steam'}"
240,2.0,2.0,1513.0,18731.0,"{'architectureType': 'Traditional', 'cooling': True, 'coolingType': 'Commercial', 'exteriorType': 'Brick', 'fireplace': True, 'floorCount': 1, 'foundationType': 'Stone', 'garage': True, 'garageType': 'Garage', 'heating': True, 'heatingType': 'Forced Air', 'roofType': 'Composition Shingle', 'unitCount': 1}"
241,3.0,1.0,1861.0,278348.0,nan
242,0.0,0.0,1621.0,0.0,"{'floorCount': 1, 'garage': True, 'garageType': 'Garage'}"
243,3.0,2.0,1364.0,3420.0,"{'architectureType': 'Row End or Row Middle', 'cooling': True, 'coolingType': 'Central', 'exteriorType': 'Brick / Stone', 'floorCount': 2, 'roofType': 'Shingle', 'unitCount': 1}"
244,0.0,0.0,1580.0,1999.0,"{'exteriorType': 'Wood', 'floorCount': 2, 'unitCount': 1}"
245,4.0,3.0,2332.0,5479.0,"{'cooling': True, 'coolingType': 'Evaporative', 'exteriorType': 'Stucco', 'fireplace': True, 'floorCount': 1, 'foundationType': 'Slab / Mat / Raft', 'garage': True, 'garageType': 'Attached', 'heating': True, 'heatingType': 'Forced Air', 'roofType': 'Composition Shingle', 'unitCount': 1}"
246,3.0,2.0,1412.0,5789.0,"{'cooling': True, 'coolingType': 'Central', 'exteriorType': 'Stucco', 'fireplace': True, 'foundationType': 'Raised', 'garage': True, 'garageType': 'Attached', 'heating': True, 'heatingType': 'Central', 'roofType': 'Composition Shingle'}"
247,3.0,1.5,1476.0,4618.0,"{'architectureType': 'Duplex Single', 'exteriorType': 'Aluminum / Vinyl Siding', 'floorCount': 2, 'garage': True, 'garageType': 'Basement', 'heating': True, 'heatingType': 'Hot Water', 'roofType': 'Asphalt', 'roomCount': 6, 'unitCount': 1}"
248,3.0,2.0,1222.0,9112.0,"{'fireplace': True, 'floorCount': 1, 'garage': True, 'garageSpaces': 2, 'garageType': 'Garage', 'heating': True, 'roomCount': 5, 'unitCount': 1}"
249,2.0,1.0,1200.0,4600.0,nan
250,4.0,3.0,2980.0,5828.0,"{'cooling': True, 'coolingType': 'Central', 'exteriorType': 'Brick Veneer', 'fireplace': True, 'floorCount': 2, 'foundationType': 'Slab / Mat / Raft', 'garage': True, 'garageSpaces': 2, 'garageType': 'Attached', 'heating': True, 'heatingType': 'Central', 'roomCount': 8}"
251,3.0,1.0,768.0,8973.0,"{'architectureType': 'Ranch', 'cooling': True, 'coolingType': 'Central', 'exteriorType': 'Aluminum / Vinyl Siding', 'floorCount': 1, 'garage': True, 'garageSpaces': 2, 'garageType': 'Detached', 'heating': True, 'heatingType': 'Gas', 'roomCount': 4, 'unitCount': 1}"
252,0.0,1.0,0.0,0.0,nan
253,3.0,1.5,1197.0,10019.0,"{'architectureType': 'Ranch', 'cooling': True, 'coolingType': 'Central', 'exteriorType': 'Wood', 'fireplace': True, 'floorCount': 1, 'garage': True, 'garageType': 'Carport', 'heating': True, 'heatingType': 'Gas', 'roomCount': 5, 'unitCount': 1}"
254,3.0,2.0,1246.0,10890.0,"{'cooling': True, 'coolingType': 'Central', 'exteriorType': 'Brick Veneer', 'fireplace': True, 'floorCount': 1, 'foundationType': 'Block', 'heating': True, 'heatingType': 'Central', 'roofType': 'Asphalt', 'roomCount': 6, 'unitCount': 2}"
255,0.0,0.0,0.0,28314.0,{'architectureType': 'Mobile Home'}
256,3.0,1.0,1493.0,4199.0,"{'cooling': True, 'coolingType': 'Central', 'exteriorType': 'Brick Veneer', 'floorCount': 1, 'foundationType': 'Slab / Mat / Raft', 'garage': True, 'garageSpaces': 2, 'garageType': 'Attached', 'heating': True, 'heatingType': 'Central', 'roofType': 'Composition Shingle', 'unitCount': 1}"
257,4.0,3.0,2205.0,6183.0,"{'cooling': True, 'coolingType': 'Central', 'exteriorType': 'Brick Veneer', 'fireplace': True, 'foundationType': 'Slab / Mat / Raft', 'garage': True, 'garageType': 'Garage', 'heating': True, 'heatingType': 'Central', 'roofType': 'Composition Shingle'}"
258,0.0,0.0,0.0,3630.0,"{'foundationType': 'None', 'unitCount': 1}"
259,0.0,0.0,965.0,0.0,"{'architectureType': 'Condo / Apartment', 'cooling': True, 'coolingType': 'Commercial', 'exteriorType': 'Wood', 'floorCount': 2, 'garage': True, 'garageType': 'Basement', 'heating': True, 'unitCount': 1, 'viewType': 'Water'}"
260,3.0,2.0,1056.0,8276.0,"{'architectureType': 'Conventional', 'cooling': True, 'coolingType': 'Central', 'exteriorType': 'Brick Veneer', 'floorCount': 1, 'foundationType': 'Slab / Mat / Raft', 'garage': True, 'garageType': 'Attached', 'heating': True, 'heatingType': 'Central', 'roofType': 'Metal', 'roomCount': 5, 'unitCount': 1}"
261,4.0,4.0,4658.0,6970.0,"{'cooling': True, 'coolingType': 'Central', 'exteriorType': 'Brick Veneer', 'fireplace': True, 'floorCount': 2, 'foundationType': 'Slab / Mat / Raft', 'garage': True, 'garageType': 'Attached', 'heating': True, 'heatingType': 'Central', 'roofType': 'Composition Shingle', 'unitCount': 1}"
262,4.0,3.0,1458.0,10019.0,"{'architectureType': 'Ranch', 'cooling': True, 'coolingType': 'Central', 'exteriorType': 'Wood', 'fireplace': True, 'floorCount': 1, 'foundationType': 'Other', 'garage': True, 'garageType': 'Attached', 'heating': True, 'heatingType': 'Heat Pump', 'roofType': 'Composition Shingle', 'roomCount': 8, 'unitCount': 1, 'viewType': 'Cul-de-sac'}"
263,4.0,2.5,2386.0,15470.0,"{'architectureType': 'French Provincial', 'exteriorType': 'Brick', 'floorCount': 2, 'roomCount': 4}"
264,6.0,2.0,2482.0,3135.0,"{'architectureType': 'Traditional', 'exteriorType': 'Wood', 'floorCount': 2, 'heating': True, 'heatingType': 'Forced Air', 'unitCount': 2}"
265,2.0,1.0,384.0,7380.0,"{'architectureType': 'Ranch', 'fireplace': True, 'floorCount': 1, 'garage': True, 'garageType': 'Mixed', 'heating': True, 'heatingType': 'Forced Air', 'roofType': 'Asphalt', 'roomCount': 3, 'unitCount': 1}"
266,3.0,2.0,1339.0,10074.0,"{'cooling': True, 'coolingType': 'Central', 'exteriorType': 'Stucco', 'floorCount': 1, 'foundationType': 'Slab / Mat / Raft', 'garage': True, 'garageType': 'Carport', 'roofType': 'Composition Shingle', 'unitCount': 1}"
267,3.0,1.5,2718.0,7201.0,"{'architectureType': 'Ranch', 'cooling': True, 'coolingType': 'Commercial', 'exteriorType': 'Aluminum / Vinyl Siding', 'floorCount': 1, 'garage': True, 'garageType': 'Attached', 'heating': True, 'heatingType': 'Forced Air', 'roofType': 'Asphalt', 'unitCount': 1}"
268,0.0,0.0,0.0,0.0,"{'architectureType': 'Condo / Apartment', 'cooling': True, 'foundationType': 'None'}"
269,3.0,2.0,1368.0,5570.0,"{'cooling': True, 'coolingType': 'Commercial', 'heating': True, 'heatingType': 'Central', 'unitCount': 1}"
270,0.0,3.5,1722.0,2250.0,"{'architectureType': 'Townhouse', 'cooling': True, 'coolingType': 'Commercial', 'exteriorType': 'Brick', 'fireplace': True, 'fireplaceType': '2 Story', 'floorCount': 2, 'garage': True, 'garageType': 'Garage', 'heating': True, 'heatingType': 'Forced Air', 'roofType': 'Composition Shingle', 'unitCount': 1}"
271,3.0,2.0,1621.0,5227.0,"{'cooling': True, 'coolingType': 'Commercial', 'exteriorType': 'Stucco', 'floorCount': 1, 'foundationType': 'Slab / Mat / Raft', 'garage': True, 'garageSpaces': 2, 'garageType': 'Garage', 'heating': True, 'heatingType': 'Heat Pump', 'roofType': 'Fiberglass', 'unitCount': 1}"
272,2.0,1.0,1050.0,2675.0,"{'architectureType': 'Bungalow', 'cooling': True, 'coolingType': 'Commercial', 'exteriorType': 'Brick / Stone', 'floorCount': 1, 'garage': True, 'garageSpaces': 1, 'garageType': 'Detached', 'roofType': 'Shingle', 'unitCount': 1}"
273,9.0,6.0,4105.0,7231.0,"{'architectureType': 'Conventional', 'exteriorType': 'Stucco', 'foundationType': 'Other', 'garage': True, 'garageSpaces': 2, 'garageType': 'Built-in', 'heating': True, 'heatingType': 'Heat Pump', 'roofType': 'Composition Shingle', 'roomCount': 6, 'unitCount': 3}"
274,3.0,3.0,2522.0,1475.0,"{'architectureType': 'Condo / Apartment', 'cooling': True, 'coolingType': 'Central', 'exteriorType': 'Stucco', 'floorCount': 3, 'garage': True, 'garageSpaces': 2, 'garageType': 'Attached', 'roofType': 'Composition Shingle', 'foundationType': 'Slab / Mat / Raft', 'heating': True, 'heatingType': 'Central'}"
275,2.0,2.0,1640.0,4792.0,"{'cooling': True, 'coolingType': 'Central', 'exteriorType': 'Concrete Block', 'fireplace': True, 'fireplaceType': 'Gas Log', 'floorCount': 1, 'garage': True, 'garageType': 'Attached', 'heating': True, 'heatingType': 'Central', 'roofType': 'Composition Shingle', 'unitCount': 1}"
276,3.0,2.0,1934.0,7449.0,"{'cooling': True, 'coolingType': 'Central', 'exteriorType': 'Brick Veneer', 'fireplace': True, 'floorCount': 1, 'foundationType': 'Slab / Mat / Raft', 'garage': True, 'garageSpaces': 1, 'garageType': 'Attached', 'heating': True, 'heatingType': 'Central', 'roofType': 'Composition Shingle', 'unitCount': 1}"
277,3.0,1.5,988.0,5227.0,"{'cooling': True, 'coolingType': 'Commercial', 'exteriorType': 'Adobe', 'fireplace': True, 'floorCount': 1, 'garage': True, 'garageSpaces': 1, 'garageType': 'Detached', 'heating': True, 'heatingType': 'Forced Air', 'roomCount': 5, 'unitCount': 1}"
278,0.0,3.0,1176.0,10000.0,"{'architectureType': 'Split Foyer', 'cooling': True, 'coolingType': 'Commercial', 'exteriorType': 'Wood', 'fireplace': True, 'floorCount': 1, 'garage': True, 'garageType': 'Basement', 'heating': True, 'heatingType': 'Electric', 'roofType': 'Composition Shingle', 'unitCount': 1}"
279,2.0,2.0,1606.0,8712.0,"{'cooling': True, 'coolingType': 'Refrigeration', 'exteriorType': 'Wood', 'floorCount': 1, 'garage': True, 'garageSpaces': 2, 'garageType': 'Garage', 'heating': True, 'heatingType': 'Forced Air', 'roofType': 'Asphalt', 'roomCount': 5, 'unitCount': 1}"
280,4.0,2.0,957.0,10000.0,"{'architectureType': 'Duplex', 'cooling': True, 'coolingType': 'Central', 'exteriorType': 'Stucco', 'floorCount': 1, 'heating': True, 'heatingType': 'Forced Air', 'roofType': 'Asphalt'}"
281,4.0,2.5,2316.0,11064.0,"{'architectureType': 'Colonial', 'cooling': True, 'coolingType': 'Commercial', 'exteriorType': 'Brick / Stone', 'fireplace': True, 'floorCount': 2, 'foundationType': 'Raised', 'garage': True, 'garageSpaces': 2, 'garageType': 'Attached', 'heating': True, 'heatingType': 'Gas', 'roomCount': 8, 'unitCount': 1}"
282,3.0,2.0,1144.0,8370.0,"{'architectureType': 'Split Level', 'cooling': True, 'coolingType': 'Central', 'exteriorType': 'Other', 'fireplace': True, 'foundationType': 'Block', 'garage': True, 'garageType': 'Attached', 'heating': True, 'heatingType': 'Forced Air', 'roofType': 'Asphalt', 'roomCount': 5, 'floorCount': 2}"
283,3.0,2.0,1674.0,19250.0,"{'fireplace': True, 'fireplaceType': 'Masonry', 'floorCount': 1, 'foundationType': 'Raised', 'garage': True, 'garageSpaces': 3, 'garageType': 'Attached', 'heating': True, 'heatingType': 'Central', 'roofType': 'Asphalt', 'roomCount': 8}"
284,4.0,2.5,2304.0,20909.0,"{'architectureType': 'Colonial', 'exteriorType': 'Aluminum / Vinyl Siding', 'fireplace': True, 'floorCount': 2, 'garage': True, 'garageType': 'Attached', 'heating': True, 'heatingType': 'Hot Water', 'roofType': 'Shingle', 'roomCount': 9, 'unitCount': 1}"
285,4.0,5.0,3031.0,17415.0,"{'cooling': True, 'coolingType': 'Central', 'exteriorType': 'Stucco', 'fireplace': True, 'floorCount': 1, 'foundationType': 'Footing', 'garage': True, 'garageSpaces': 2, 'garageType': 'Garage', 'heating': True, 'heatingType': 'Central', 'pool': True, 'poolType': 'Pool and Hot Tub / Spa', 'roofType': 'Composition Shingle', 'unitCount': 1, 'viewType': 'Park', 'architectureType': 'Dome'}"
286,0.0,1.0,1302.0,7000.0,"{'architectureType': 'Conventional', 'cooling': True, 'coolingType': 'Commercial', 'exteriorType': 'Siding', 'fireplace': True, 'floorCount': 2, 'garage': True, 'garageSpaces': 1, 'garageType': 'Detached', 'heating': True, 'heatingType': 'Radiant', 'roofType': 'Composition Shingle', 'unitCount': 1}"
287,0.0,0.0,0.0,261360.0,nan
288,2.0,1.5,768.0,10890.0,{'unitCount': 1}
289,4.0,2.0,1848.0,5110.0,"{'architectureType': 'Other', 'cooling': True, 'coolingType': 'Central', 'exteriorType': 'Wood Frame / Siding', 'floorCount': 2, 'garage': True, 'garageSpaces': 1, 'garageType': 'Carport', 'heating': True, 'heatingType': 'Heat Pump', 'unitCount': 2}"
290,4.0,2.5,2680.0,13875.0,"{'cooling': True, 'coolingType': 'Commercial', 'exteriorType': 'Stucco', 'fireplace': True, 'floorCount': 1, 'foundationType': 'Slab / Mat / Raft', 'heating': True, 'heatingType': 'Forced Air', 'roofType': 'Composition Shingle'}"
291,2.0,1.0,780.0,8712.0,"{'architectureType': 'Conventional', 'exteriorType': 'Wood', 'floorCount': 1, 'foundationType': 'Block', 'garage': True, 'garageSpaces': 1, 'garageType': 'Attached', 'heating': True, 'heatingType': 'Forced Air', 'roofType': 'Asphalt', 'roomCount': 5, 'unitCount': 1}"
292,0.0,0.0,1428.0,14810.0,"{'garage': True, 'garageType': 'Garage', 'unitCount': 1}"
293,3.0,2.0,2531.0,7500.0,"{'architectureType': 'Other', 'cooling': True, 'coolingType': 'Central', 'exteriorType': 'Combination', 'fireplace': True, 'floorCount': 1, 'foundationType': 'Other', 'garage': True, 'garageSpaces': 2, 'garageType': 'Detached', 'heating': True, 'heatingType': 'Forced Air', 'roofType': 'Composition Shingle', 'unitCount': 1}"
294,3.0,2.5,1950.0,22216.0,nan
295,3.0,2.0,993.0,0.0,nan
296,1.0,1.0,400.0,0.0,nan
297,6.0,5.0,4104.0,13504.0,"{'cooling': True, 'coolingType': 'Commercial', 'exteriorType': 'Aluminum / Vinyl Siding', 'fireplace': True, 'floorCount': 2, 'garage': True, 'garageType': 'Attached', 'heating': True, 'unitCount': 1}"
298,3.0,2.5,1331.0,4530.0,nan
299,2.0,2.0,872.0,0.0,nan
300,4.0,3.0,2722.0,14335.0,"{'cooling': True, 'coolingType': 'Central', 'fireplace': True, 'floorCount': 2, 'garage': True, 'garageSpaces': 3, 'garageType': 'Garage', 'roomCount': 10}"
301,3.0,1.0,1695.0,6382.0,"{'architectureType': 'Traditional', 'cooling': True, 'coolingType': 'Central', 'exteriorType': 'Aluminum / Vinyl Siding', 'floorCount': 1, 'foundationType': 'Slab / Mat / Raft', 'garage': True, 'garageType': 'Carport', 'heating': True, 'heatingType': 'Central', 'roomCount': 6, 'unitCount': 1}"
302,3.0,2.0,933.0,2272.0,"{'floorCount': 1, 'unitCount': 1}"
303,2.0,1.0,744.0,3572.0,"{'cooling': True, 'coolingType': 'Central', 'exteriorType': 'Brick', 'floorCount': 1, 'heating': True, 'heatingType': 'Forced Air', 'roofType': 'Shingle', 'unitCount': 1}"
304,5.0,4.0,3680.0,9583.0,"{'cooling': True, 'coolingType': 'Central', 'exteriorType': 'Brick', 'fireplace': True, 'fireplaceType': 'Prefab', 'floorCount': 2, 'foundationType': 'Other', 'garage': True, 'garageSpaces': 2, 'garageType': 'Garage', 'heating': True, 'heatingType': 'Central', 'roofType': 'Asphalt'}"
305,0.0,0.0,0.0,47916.0,nan
306,2.0,1.0,2297.0,5663.0,"{'cooling': True, 'coolingType': 'Central', 'exteriorType': 'Stucco', 'floorCount': 2, 'foundationType': 'Slab / Mat / Raft', 'garage': True, 'garageType': 'Attached', 'heating': True, 'heatingType': 'Central', 'roofType': 'Asphalt', 'unitCount': 1}"
307,5.0,4.5,5405.0,56628.0,"{'exteriorType': 'Aluminum / Vinyl Siding', 'floorCount': 2, 'garage': True, 'garageType': 'Attached', 'heating': True, 'heatingType': 'Forced Air', 'roomCount': 5, 'unitCount': 1, 'fireplace': True}"
308,3.0,2.0,1050.0,6200.0,"{'cooling': True, 'coolingType': 'Central', 'garage': True, 'garageSpaces': 2, 'garageType': 'Attached', 'heating': True, 'heatingType': 'Central', 'roomCount': 5, 'unitCount': 1}"
309,4.0,2.5,1861.0,5497.0,nan
310,2.0,1.0,1300.0,4792.0,"{'floorCount': 1, 'garage': True, 'garageSpaces': 1, 'garageType': 'Carport', 'heating': True, 'heatingType': 'Solar', 'roofType': 'Composition Shingle', 'roomCount': 4, 'unitCount': 1}"
311,3.0,2.5,1789.0,3187.0,"{'cooling': True, 'coolingType': 'Central', 'floorCount': 2, 'garage': True, 'garageType': 'Attached', 'heating': True, 'heatingType': 'Central', 'roomCount': 6}"
312,0.0,1.0,1377.0,9801.0,"{'exteriorType': 'Brick', 'floorCount': 1, 'foundationType': 'Slab / Mat / Raft', 'heating': True, 'heatingType': 'Forced Air', 'roofType': 'Metal', 'unitCount': 1}"
313,3.0,2.0,1470.0,3084.0,"{'exteriorType': 'Stucco', 'floorCount': 1, 'roofType': 'Other', 'unitCount': 1}"
314,3.0,2.0,1752.0,8059.0,"{'architectureType': 'Ranch', 'cooling': True, 'coolingType': 'Central', 'exteriorType': 'Brick Veneer', 'fireplace': True, 'floorCount': 1, 'foundationType': 'Slab / Mat / Raft', 'garage': True, 'garageType': 'Attached', 'heating': True, 'heatingType': 'Central', 'roofType': 'Composition Shingle', 'roomCount': 6, 'unitCount': 1}"
315,3.0,1.5,1212.0,13939.0,"{'architectureType': 'Raised Ranch', 'cooling': True, 'coolingType': 'Commercial', 'exteriorType': 'Aluminum / Vinyl Siding', 'fireplace': True, 'floorCount': 1, 'heating': True, 'heatingType': 'Hot Water', 'roofType': 'Asphalt', 'roomCount': 6, 'unitCount': 1}"
316,0.0,1.0,0.0,27125.0,{'architectureType': 'Condo / Apartment'}
317,3.0,3.0,2704.0,3920.0,"{'cooling': True, 'coolingType': 'Central', 'exteriorType': 'Stucco', 'fireplace': True, 'floorCount': 2, 'garage': True, 'garageSpaces': 2, 'garageType': 'Built-in', 'heating': True, 'heatingType': 'Forced Air', 'roofType': 'Tile', 'roomCount': 8, 'unitCount': 1}"
318,0.0,0.0,0.0,13504.0,nan
319,2.0,2.0,1112.0,9999.0,"{'cooling': True, 'coolingType': 'Commercial', 'floorCount': 1, 'foundationType': 'Slab / Mat / Raft', 'garage': True, 'garageType': 'Attached', 'heating': True, 'heatingType': 'Forced Air', 'roofType': 'Composition Shingle', 'roomCount': 4, 'unitCount': 1, 'exteriorType': 'Composition'}"
320,2.0,2.0,989.0,3485.0,"{'architectureType': 'Townhouse', 'cooling': True, 'coolingType': 'Central', 'exteriorType': 'Stucco', 'fireplace': True, 'floorCount': 1, 'garage': True, 'garageSpaces': 1, 'garageType': 'Attached', 'heating': True, 'heatingType': 'Forced Air', 'roofType': 'Tile', 'roomCount': 4, 'unitCount': 1}"
321,0.0,0.0,2228.0,7231.0,nan
322,3.0,3.0,1496.0,32670.0,"{'cooling': True, 'coolingType': 'Central', 'exteriorType': 'Vinyl', 'fireplace': True, 'fireplaceType': 'Prefab', 'floorCount': 1, 'foundationType': 'Masonry', 'garage': True, 'garageSpaces': 5, 'garageType': 'Garage', 'heating': True, 'heatingType': 'Central', 'roofType': 'Composition Shingle', 'roomCount': 6, 'unitCount': 1, 'viewType': 'Corner, Waterfront'}"
323,3.0,2.0,867.0,4966.0,"{'architectureType': 'Split Level', 'cooling': True, 'coolingType': 'Central', 'exteriorType': 'Aluminum / Vinyl Siding', 'heating': True, 'heatingType': 'Central', 'roofType': 'Asphalt', 'roomCount': 6, 'unitCount': 1, 'foundationType': 'Other', 'floorCount': 2}"
324,2.0,2.0,1150.0,38130.0,{'architectureType': 'Condo / Apartment'}
325,3.0,2.0,1316.0,4792.0,"{'architectureType': 'Ranch', 'cooling': True, 'coolingType': 'Commercial', 'exteriorType': 'Siding', 'floorCount': 1, 'foundationType': 'Other', 'garage': True, 'garageSpaces': 1, 'garageType': 'Attached', 'heating': True, 'heatingType': 'Forced Air', 'roofType': 'Composition Shingle', 'unitCount': 1}"
326,0.0,1.0,1060.0,4792.0,"{'exteriorType': 'Shingle', 'floorCount': 1, 'garage': True, 'garageSpaces': 2, 'garageType': 'Detached', 'heating': True, 'heatingType': 'Forced Air', 'roofType': 'Asphalt', 'unitCount': 1}"
327,4.0,3.5,3014.0,7623.0,"{'floorCount': 2, 'garage': True, 'garageType': 'Attached'}"
328,4.0,2.5,3105.0,6275.0,"{'floorCount': 2, 'garage': True, 'garageSpaces': 2, 'garageType': 'Garage', 'roomCount': 9}"
329,3.0,1.0,1032.0,3485.0,{'unitCount': 1}
330,1.0,2.0,1260.0,15000.0,"{'architectureType': 'Cape Cod', 'exteriorType': 'Other', 'floorCount': 1, 'heating': True, 'heatingType': 'Hot Water', 'roofType': 'Asphalt', 'roomCount': 4, 'unitCount': 1}"
331,4.0,3.5,2652.0,12850.0,"{'fireplace': True, 'floorCount': 2, 'garage': True, 'garageType': 'Garage', 'roomCount': 8, 'unitCount': 1}"
332,4.0,2.0,2282.0,34848.0,"{'heating': True, 'heatingType': 'Gas'}"
333,4.0,2.5,2055.0,16021.0,"{'architectureType': 'Split Level', 'cooling': True, 'coolingType': 'Central', 'exteriorType': 'Aluminum / Vinyl Siding', 'fireplace': True, 'floorCount': 1, 'garage': True, 'garageType': 'Garage', 'heating': True, 'heatingType': 'Central', 'roomCount': 8, 'unitCount': 1}"
334,4.0,3.0,2771.0,12632.0,"{'cooling': True, 'coolingType': 'Commercial', 'exteriorType': 'Concrete Block', 'foundationType': 'Slab / Mat / Raft', 'garage': True, 'garageType': 'Garage', 'heating': True, 'heatingType': 'Forced Air', 'roofType': 'Composition Shingle', 'unitCount': 1}"
335,0.0,1.0,1696.0,12300.0,"{'architectureType': 'Mobile Home', 'cooling': True, 'coolingType': 'Central', 'exteriorType': 'Wood', 'floorCount': 1, 'foundationType': 'Pier', 'garage': True, 'garageType': 'Carport', 'heating': True, 'heatingType': 'Central', 'roofType': 'Asphalt', 'unitCount': 1}"
336,0.0,2.0,883.0,951.0,"{'architectureType': 'Condo / Apartment', 'cooling': True, 'coolingType': 'Refrigeration', 'exteriorType': 'Wood', 'floorCount': 1, 'heating': True, 'roomCount': 4}"
337,3.0,2.5,2067.0,8485.0,"{'architectureType': 'Colonial', 'exteriorType': 'Other', 'fireplace': True, 'floorCount': 2, 'heating': True, 'heatingType': 'Hot Water', 'roofType': 'Asphalt', 'unitCount': 1}"
338,3.0,1.0,1152.0,6617.0,"{'architectureType': 'Ranch', 'exteriorType': 'Aluminum / Vinyl Siding', 'fireplace': True, 'floorCount': 1, 'garage': True, 'garageType': 'Attached', 'heating': True, 'heatingType': 'Forced Air', 'roofType': 'Composition Shingle', 'roomCount': 5}"
339,1.0,1.0,860.0,0.0,nan
340,3.0,3.5,1906.0,0.0,"{'garage': True, 'garageType': 'Garage', 'roomCount': 6, 'unitCount': 1}"
341,3.0,2.0,2222.0,12197.0,nan
342,4.0,2.0,2605.0,5663.0,"{'cooling': True, 'coolingType': 'Commercial', 'exteriorType': 'Composition', 'floorCount': 2, 'foundationType': 'Slab / Mat / Raft', 'heating': True, 'heatingType': 'Forced Air', 'roofType': 'Composition Shingle', 'roomCount': 10}"
343,3.0,2.0,2194.0,9313.0,"{'unitCount': 1, 'cooling': True, 'coolingType': 'Central', 'fireplace': True, 'foundationType': 'Other', 'garage': True, 'garageSpaces': 3, 'garageType': 'Attached Garage', 'heating': True, 'heatingType': 'Central', 'roofType': 'Composition Shingle', 'exteriorType': 'Brick Veneer', 'floorCount': 1, 'roomCount': 8}"
344,3.0,2.0,906.0,10000.0,"{'architectureType': 'Bi-Level', 'cooling': True, 'coolingType': 'Commercial', 'exteriorType': 'Aluminum / Vinyl Siding', 'fireplace': True, 'floorCount': 1, 'foundationType': 'Brick', 'heating': True, 'heatingType': 'Heat Pump', 'roofType': 'Composition Shingle', 'unitCount': 1}"
345,2.0,1.0,800.0,3931.0,{'unitCount': 1}
346,3.0,2.0,1516.0,0.0,nan
347,0.0,1.0,960.0,65340.0,"{'architectureType': 'European', 'garage': True, 'garageType': 'Garage'}"
348,3.0,3.5,2347.0,1738.0,"{'architectureType': 'Condo / Apartment', 'cooling': True, 'coolingType': 'Central', 'exteriorType': 'Brick Veneer', 'floorCount': 3, 'foundationType': 'Slab / Mat / Raft', 'garage': True, 'garageSpaces': 1, 'garageType': 'Attached', 'heating': True, 'heatingType': 'Central', 'roofType': 'Composition Shingle', 'pool': True, 'poolType': 'Community Pool'}"
349,4.0,3.0,2399.0,8728.0,"{'cooling': True, 'coolingType': 'Central', 'exteriorType': 'Aluminum / Vinyl Siding', 'floorCount': 2, 'garage': True, 'garageType': 'Garage', 'heating': True, 'heatingType': 'Forced Air', 'roofType': 'Composition Shingle', 'unitCount': 1}"
350,2.0,1.0,912.0,7800.0,"{'architectureType': 'Contemporary', 'exteriorType': 'Asbestos Shingle', 'floorCount': 1, 'foundationType': 'Slab / Mat / Raft', 'garage': True, 'garageSpaces': 1, 'garageType': 'Carport', 'heating': True, 'heatingType': 'Floor / Wall', 'roofType': 'Asphalt', 'roomCount': 4, 'unitCount': 1}"
351,3.0,2.0,2570.0,10019.0,"{'cooling': True, 'coolingType': 'Central', 'exteriorType': 'Stucco', 'floorCount': 1, 'heating': True, 'heatingType': 'Forced Air', 'roofType': 'Composition Shingle', 'unitCount': 1, 'architectureType': 'Multi-Unit Building'}"
352,3.0,2.0,1955.0,19500.0,"{'cooling': True, 'coolingType': 'Commercial', 'exteriorType': 'Stucco', 'floorCount': 1, 'foundationType': 'Slab / Mat / Raft', 'garage': True, 'garageType': 'Attached', 'heating': True, 'heatingType': 'Forced Air', 'roofType': 'Shingle', 'roomCount': 8, 'unitCount': 1}"
353,4.0,2.0,2254.0,15625.0,"{'cooling': True, 'coolingType': 'Central', 'exteriorType': 'Brick / Stone', 'floorCount': 2, 'foundationType': 'Block', 'garage': True, 'garageType': 'Attached', 'heating': True, 'heatingType': 'Heat Pump', 'roofType': 'Gravel', 'unitCount': 1}"
354,2.0,2.0,960.0,0.0,nan
355,5.0,3.5,2186.0,7544.0,"{'architectureType': 'Traditional', 'exteriorType': 'Aluminum / Vinyl Siding', 'fireplace': True, 'floorCount': 2, 'heating': True, 'heatingType': 'Forced Air', 'roomCount': 9}"
356,4.0,2.5,1688.0,6098.0,"{'architectureType': 'Split Level', 'exteriorType': 'Aluminum / Vinyl Siding', 'fireplace': True, 'floorCount': 2, 'garage': True, 'garageType': 'Built-in', 'heating': True, 'heatingType': 'Central', 'roofType': 'Asphalt', 'roomCount': 13, 'unitCount': 1}"
357,4.0,2.0,1064.0,14366.0,"{'architectureType': 'Ranch', 'cooling': True, 'coolingType': 'Commercial', 'exteriorType': 'Metal', 'floorCount': 1, 'foundationType': 'Block', 'garage': True, 'garageSpaces': 2, 'garageType': 'Attached', 'heating': True, 'heatingType': 'Forced Air', 'roofType': 'Asphalt', 'unitCount': 1}"
358,3.0,1.0,1632.0,3136.0,"{'floorCount': 2, 'foundationType': 'Raised', 'garage': True, 'garageType': 'Detached', 'heating': True, 'heatingType': 'Central', 'roofType': 'Asphalt', 'roomCount': 8}"
359,2.0,1.0,990.0,1002.0,{'garage': True}
360,0.0,2.0,1740.0,7697.0,"{'cooling': True, 'coolingType': 'Refrigeration', 'exteriorType': 'Wood', 'floorCount': 1, 'garage': True, 'garageSpaces': 3, 'garageType': 'Garage', 'heating': True, 'heatingType': 'Forced Air', 'roofType': 'Other', 'roomCount': 7, 'unitCount': 1}"
361,0.0,0.0,700.0,0.0,"{'garage': True, 'garageType': 'Garage'}"
362,3.0,1.5,1172.0,7800.0,"{'architectureType': 'Ranch', 'cooling': True, 'coolingType': 'Central', 'exteriorType': 'Aluminum / Vinyl Siding', 'floorCount': 1, 'garage': True, 'garageType': 'Attached', 'heating': True, 'heatingType': 'Central'}"
363,2.0,2.0,812.0,812.0,nan
364,4.0,2.5,2005.0,7461.0,"{'exteriorType': 'Concrete Block', 'floorCount': 1, 'garage': True, 'garageType': 'Garage', 'roofType': 'Other', 'unitCount': 1}"
365,0.0,2.0,1235.0,7166.0,"{'cooling': True, 'coolingType': 'Central', 'exteriorType': 'Concrete Block', 'floorCount': 1, 'foundationType': 'Footing', 'heating': True, 'heatingType': 'Central', 'roofType': 'Composition Shingle', 'unitCount': 1}"
366,3.0,2.0,1749.0,18295.0,"{'architectureType': 'Ranch', 'cooling': True, 'coolingType': 'Central', 'exteriorType': 'Wood', 'fireplace': True, 'floorCount': 1, 'foundationType': 'Other', 'garage': True, 'garageType': 'Attached', 'heating': True, 'heatingType': 'Forced Air', 'roofType': 'Composition Shingle'}"
367,6.0,4.0,2464.0,7850.0,"{'architectureType': 'Duplex', 'exteriorType': 'Concrete Block', 'floorCount': 2, 'unitCount': 2}"
368,1.0,1.0,748.0,19166.0,"{'exteriorType': 'Aluminum / Vinyl Siding', 'floorCount': 1, 'heating': True, 'heatingType': 'Baseboard', 'unitCount': 1}"
369,4.0,2.0,1787.0,0.0,nan
370,2.0,2.0,1456.0,0.0,"{'architectureType': 'Condo / Apartment', 'cooling': True, 'coolingType': 'Commercial', 'exteriorType': 'Concrete', 'floorCount': 2, 'foundationType': 'Pile', 'garage': True, 'garageType': 'Basement', 'heating': True, 'roofType': 'Asphalt', 'roomCount': 5, 'unitCount': 1, 'viewType': 'Water'}"
371,0.0,3.0,2552.0,10552.0,"{'cooling': True, 'coolingType': 'Central', 'exteriorType': 'Siding', 'fireplace': True, 'floorCount': 2, 'foundationType': 'Masonry', 'garage': True, 'garageType': 'Garage', 'heating': True, 'heatingType': 'Central', 'roofType': 'Composition Shingle'}"
372,2.0,2.5,1080.0,131.0,"{'architectureType': 'Ranch', 'cooling': True, 'coolingType': 'Chilled Water', 'exteriorType': 'Concrete Block', 'floorCount': 1, 'foundationType': 'Other', 'heating': True, 'heatingType': 'Hot Water', 'roofType': 'Composition Shingle', 'unitCount': 1}"
373,3.0,1.0,952.0,4792.0,"{'cooling': True, 'exteriorType': 'Shingle', 'floorCount': 1, 'garage': True, 'garageSpaces': 1, 'garageType': 'Detached', 'heating': True, 'heatingType': 'Forced Air', 'roofType': 'Asphalt', 'coolingType': 'Commercial'}"
374,3.0,1.0,1068.0,22477.0,"{'cooling': True, 'coolingType': 'Central', 'floorCount': 1, 'garage': True, 'garageSpaces': 1, 'garageType': 'Attached', 'heating': True, 'heatingType': 'Central', 'roofType': 'Asphalt', 'roomCount': 6, 'unitCount': 1}"
375,3.0,1.0,980.0,7405.0,"{'exteriorType': 'Aluminum / Vinyl Siding', 'floorCount': 1, 'foundationType': 'Wood', 'garage': True, 'garageType': 'Garage', 'heating': True, 'heatingType': 'Forced Air', 'roofType': 'Composition Shingle', 'roomCount': 5, 'unitCount': 1}"
376,2.0,1.0,1173.0,77972.0,"{'architectureType': 'Cape Cod', 'exteriorType': 'Other', 'fireplace': True, 'floorCount': 1, 'foundationType': 'Raised', 'heating': True, 'heatingType': 'Hot Water', 'roofType': 'Asphalt', 'roomCount': 5, 'unitCount': 1}"
377,3.0,2.0,1339.0,13500.0,"{'cooling': True, 'coolingType': 'Commercial', 'exteriorType': 'Concrete', 'floorCount': 1, 'foundationType': 'Slab / Mat / Raft', 'garage': True, 'garageType': 'Mixed', 'heating': True, 'heatingType': 'Forced Air', 'roofType': 'Composition Shingle', 'unitCount': 1}"
378,4.0,2.0,1852.0,8725.0,"{'cooling': True, 'coolingType': 'Commercial', 'fireplace': True, 'floorCount': 1, 'foundationType': 'Slab / Mat / Raft', 'garage': True, 'garageSpaces': 2, 'garageType': 'Attached', 'heating': True, 'heatingType': 'Central', 'roofType': 'Composition Shingle', 'unitCount': 1}"
379,3.0,2.0,1440.0,5227.0,"{'exteriorType': 'Other', 'fireplace': True, 'floorCount': 1, 'foundationType': 'Raised', 'garage': True, 'garageSpaces': 2, 'garageType': 'Attached', 'heating': True, 'heatingType': 'Forced Air', 'roofType': 'Wood Shingle', 'roomCount': 5, 'unitCount': 1}"
380,2.0,2.0,1365.0,672.0,"{'architectureType': 'Other', 'exteriorType': 'Aluminum / Vinyl Siding', 'floorCount': 2, 'garage': True, 'garageSpaces': 1, 'garageType': 'Basement', 'heating': True, 'heatingType': 'Forced Air', 'unitCount': 1}"
381,0.0,0.0,1049.0,2500.0,"{'architectureType': 'Duplex', 'floorCount': 2, 'unitCount': 2}"
382,3.0,2.0,2081.0,10010.0,"{'architectureType': 'Ranch', 'cooling': True, 'coolingType': 'Central', 'exteriorType': 'Stucco', 'floorCount': 1, 'garage': True, 'garageType': 'Attached', 'heating': True, 'heatingType': 'Forced Air', 'roofType': 'Tile', 'unitCount': 1}"
383,0.0,0.0,840.0,0.0,{'architectureType': 'Mobile Home'}
384,3.0,1.0,1168.0,1600.0,"{'architectureType': 'Condo / Apartment', 'exteriorType': 'Brick', 'floorCount': 2, 'heating': True, 'heatingType': 'Forced Air', 'roofType': 'Built-up (Layered Asphalt)', 'roomCount': 7, 'unitCount': 1}"
385,4.0,3.0,2937.0,0.0,nan
386,3.0,2.0,2150.0,39640.0,"{'architectureType': 'Split Level', 'cooling': True, 'coolingType': 'Central', 'exteriorType': 'Brick Veneer', 'fireplace': True, 'fireplaceType': 'Prefab', 'floorCount': 2, 'foundationType': 'Footing', 'garage': True, 'garageType': 'Attached', 'heating': True, 'heatingType': 'Forced Air', 'roofType': 'Wood Shingle', 'unitCount': 1}"
387,0.0,0.0,0.0,7405.0,nan
388,0.0,2.0,1098.0,2919.0,"{'architectureType': 'Ranch', 'cooling': True, 'coolingType': 'Central', 'exteriorType': 'Siding', 'floorCount': 1, 'foundationType': 'Slab / Mat / Raft', 'garage': True, 'garageType': 'Attached', 'heating': True, 'heatingType': 'Central', 'roofType': 'Composition Shingle', 'unitCount': 1}"
389,0.0,0.0,0.0,17424.0,nan
390,3.0,2.5,2006.0,7200.0,"{'architectureType': 'Contemporary', 'cooling': True, 'coolingType': 'Central', 'exteriorType': 'Combination', 'floorCount': 1, 'foundationType': 'Slab / Mat / Raft', 'garage': True, 'garageType': 'Attached', 'heating': True, 'heatingType': 'Forced Air', 'roofType': 'Asphalt', 'roomCount': 6}"
391,3.0,1.5,1537.0,44823.0,"{'architectureType': 'Traditional', 'cooling': True, 'coolingType': 'Commercial', 'exteriorType': 'Brick Veneer', 'fireplace': True, 'floorCount': 1, 'foundationType': 'Masonry', 'heating': True, 'heatingType': 'Hot Water', 'roofType': 'Composition Shingle', 'roomCount': 7, 'unitCount': 1}"
392,4.0,3.0,2468.0,10062.0,"{'exteriorType': 'Stucco', 'floorCount': 1, 'foundationType': 'Other', 'garage': True, 'garageType': 'Attached', 'roofType': 'Shingle', 'unitCount': 1}"
393,1.0,1.0,547.0,557.0,"{'architectureType': 'Condo / Apartment', 'roomCount': 3, 'unitCount': 1}"
394,3.0,2.5,2330.0,8712.0,"{'architectureType': 'Conventional', 'cooling': True, 'coolingType': 'Commercial', 'exteriorType': 'Shingle', 'fireplace': True, 'floorCount': 2, 'garage': True, 'garageType': 'Attached', 'heating': True, 'heatingType': 'Forced Air', 'roofType': 'Composition Shingle', 'roomCount': 7, 'unitCount': 1}"
395,2.0,2.0,2049.0,7171.0,"{'fireplace': True, 'floorCount': 1, 'garage': True, 'garageType': 'Garage', 'roomCount': 6, 'unitCount': 1}"
396,4.0,3.5,2772.0,9714.0,nan
397,4.0,2.5,2340.0,6011.0,{'unitCount': 1}
398,0.0,0.0,1181.0,0.0,"{'unitCount': 1, 'architectureType': 'Condo / Apartment'}"
399,2.0,1.0,720.0,0.0,"{'cooling': True, 'coolingType': 'Central', 'exteriorType': 'Siding', 'floorCount': 1, 'heating': True, 'heatingType': 'Forced Air', 'roofType': 'Metal', 'roomCount': 4}"
400,3.0,2.5,1050.0,11326.0,"{'cooling': True, 'coolingType': 'Commercial', 'exteriorType': 'Brick Veneer', 'floorCount': 1, 'foundationType': 'Slab / Mat / Raft', 'garage': True, 'garageType': 'Attached', 'heating': True, 'heatingType': 'Heat Pump', 'roofType': 'Composition Shingle', 'roomCount': 5}"
401,3.0,1.5,1689.0,14113.0,"{'architectureType': 'Traditional', 'exteriorType': 'Concrete Block', 'floorCount': 1, 'foundationType': 'Raised', 'heating': True, 'heatingType': 'Central', 'roomCount': 6, 'unitCount': 1}"
402,0.0,0.0,0.0,392040.0,nan
403,3.0,1.0,1031.0,6098.0,"{'cooling': True, 'coolingType': 'Central', 'floorCount': 1, 'foundationType': 'Slab / Mat / Raft', 'garage': True, 'garageSpaces': 2, 'garageType': 'Attached', 'heating': True, 'heatingType': 'Central', 'roofType': 'Composition Shingle', 'roomCount': 6, 'unitCount': 1}"
404,0.0,2.0,1100.0,10280.0,"{'exteriorType': 'Brick Veneer', 'floorCount': 1, 'foundationType': 'Slab', 'heating': True, 'roofType': 'Composition Shingle', 'unitCount': 1}"
405,0.0,2.0,1404.0,10019.0,"{'architectureType': 'Ranch', 'fireplace': True, 'floorCount': 1, 'garage': True, 'garageType': 'Garage', 'heating': True, 'heatingType': 'Forced Air', 'unitCount': 1}"
406,3.0,2.0,1500.0,10890.0,"{'cooling': True, 'coolingType': 'Commercial', 'exteriorType': 'Brick', 'fireplace': True, 'floorCount': 1, 'garage': True, 'garageType': 'Attached', 'heating': True, 'heatingType': 'Forced Air', 'roofType': 'Asphalt', 'roomCount': 8, 'unitCount': 1}"
407,3.0,1.0,1175.0,65340.0,"{'architectureType': 'Ranch', 'cooling': True, 'coolingType': 'Window', 'exteriorType': 'Aluminum / Vinyl Siding', 'fireplace': True, 'floorCount': 1, 'foundationType': 'Masonry', 'garage': True, 'garageType': 'Garage', 'heating': True, 'heatingType': 'Baseboard', 'roofType': 'Asphalt', 'roomCount': 5, 'unitCount': 1}"
408,3.0,2.5,1775.0,3049.0,"{'architectureType': 'Low-Rise', 'cooling': True, 'coolingType': 'Commercial', 'exteriorType': 'Aluminum / Vinyl Siding', 'fireplace': True, 'floorCount': 2, 'foundationType': 'Other', 'garage': True, 'garageSpaces': 1, 'garageType': 'Attached', 'heating': True, 'heatingType': 'Forced Air', 'roofType': 'Asphalt', 'roomCount': 6, 'unitCount': 1}"
409,4.0,4.0,2200.0,7405.0,{'unitCount': 1}
410,6.0,3.0,2007.0,5332.0,"{'architectureType': 'Duplex', 'heating': True, 'heatingType': 'Floor / Wall', 'unitCount': 2}"
411,6.0,3.0,1853.0,17424.0,"{'architectureType': 'Ranch', 'cooling': True, 'coolingType': 'Central', 'exteriorType': 'Brick', 'fireplace': True, 'fireplaceType': 'Masonry', 'floorCount': 1, 'garage': True, 'garageType': 'Attached', 'heating': True, 'heatingType': 'Central', 'unitCount': 1}"
412,3.0,1.5,1140.0,4000.0,"{'architectureType': 'Triplex', 'fireplace': True, 'floorCount': 1, 'heating': True, 'heatingType': 'Forced Air', 'unitCount': 1}"
413,0.0,0.0,0.0,1450.0,"{'architectureType': 'Conventional', 'cooling': True, 'coolingType': 'Commercial', 'fireplace': True, 'garage': True, 'garageType': 'Garage', 'heating': True, 'unitCount': 1}"
414,2.0,2.5,1508.0,0.0,nan
415,4.0,2.0,1839.0,22651.0,nan
416,3.0,2.0,1033.0,43560.0,"{'architectureType': 'Bi-Level', 'cooling': True, 'coolingType': 'Commercial', 'floorCount': 1, 'heating': True, 'heatingType': 'Forced Air'}"
417,3.0,3.0,1500.0,10324.0,"{'architectureType': 'Split Level', 'exteriorType': 'Wood', 'fireplace': True, 'floorCount': 1, 'garage': True, 'garageType': 'Attached', 'heating': True, 'heatingType': 'Forced Air', 'roofType': 'Composition Shingle', 'roomCount': 7, 'unitCount': 1}"
418,2.0,1.0,987.0,1307.0,"{'architectureType': 'Condo / Apartment', 'cooling': True, 'coolingType': 'Commercial', 'exteriorType': 'Aluminum / Vinyl Siding', 'floorCount': 1, 'garage': True, 'garageType': 'Attached', 'heating': True, 'heatingType': 'Steam', 'roomCount': 5, 'unitCount': 1}"
419,2.0,1.0,950.0,7800.0,"{'architectureType': 'Ranch', 'cooling': True, 'coolingType': 'Central', 'exteriorType': 'Stucco', 'floorCount': 1, 'garage': True, 'garageType': 'Carport', 'heating': True, 'heatingType': 'Forced Air', 'roofType': 'Tile', 'unitCount': 1}"
